soc,speed,speed_observed,quality,quality_observed,title,mean_salary_2021,median_salary_2021,lm_aioe,ig_aioe,occ_req_education,avg_creative_weight,mean_female,mean_white,mean_black,mean_asian,mean_hispanic,count_occ,acs_code,speed_z,quality_z,lm_aioe_z
11-1011,0.2479,False,0.4302,False,Chief Executives,213.02,179.52,1.3089116,1.3096025,7.23005,0.08190758,,,,,,,,-0.15037485958426544,0.2323351195620242,1.296043
11-1021,0.2424,False,0.0424,True,General and Operations Managers,115.25,97.97,0.6776147,0.23188387,4.916,0.061672807,0.33161041140556335,0.8244041800498962,0.04821211099624634,0.04932347685098648,0.09765907377004623,56687.0,11-1021,-0.28701268262480795,-4.73030975001351,0.66054887
11-2011,0.2598,False,0.4108,False,Advertising and Promotions Managers,142.86,127.15,1.217224,1.6145979,5.2070003,0.08685395,0.5585273504257202,0.835116446018219,0.036186281591653824,0.05726872384548187,0.08181246370077133,3178.0,11-2011,0.14525970299436183,-0.015925093098536604,1.2037458
11-2021,0.2562,False,0.4166,False,Marketing Managers,153.44,135.03,1.2037742,1.6103578,6.6805,0.08271368,0.6218603849411011,0.8182799220085144,0.03479316458106041,0.0771046131849289,0.08152119070291519,29661.0,11-2021,0.05582403700418883,0.0582970323360643,1.1902066
11-2022,0.2446,False,0.4322,False,Sales Managers,142.39,127.49,1.2938212,1.0099978,6.0442,0.08293111,0.3354503810405731,0.8526529669761658,0.035747986286878586,0.04369601607322693,0.08347245305776596,27554.0,11-2022,-0.23235755340859082,0.25792895591878234,1.2808523
11-2033,0.2537,False,0.4165,False,Fundraising Managers,119.4,100.81,1.3829477,1.120145,6.103,0.08096575,0.6689543724060059,0.8433588743209839,0.051271699368953705,0.04037141799926758,0.07488898187875748,4954.0,11-2030,-0.006284064377875961,0.05701734051822579,1.3705714
11-3012,0.2569,False,0.4193,False,Administrative Services Managers,113.03,100.17,0.7681937,0.5163846,3.9636,0.06220355,0.69915372133255,0.7925198078155518,0.0758940726518631,0.04886705055832863,0.10210210084915161,3663.0,11-3012,0.0732143053911678,0.09284871141768844,0.75173014
11-3013,0.2442,False,0.4326,False,Facilities Managers,101.97,97.93,0.83907926,0.7399602,5.04675,0.0651948,0.19987858831882477,0.8160570859909058,0.07011686265468597,0.029139474034309387,0.09591744095087051,6589.0,11-3013,-0.24229484962972148,0.26304772319013425,0.823087
11-3021,0.2575,False,0.4391,False,Computer and Information Systems Managers,162.93,159.01,0.9450699,1.2754656,5.5503,0.06683632,0.2964628338813782,0.761816680431366,0.045957714319229126,0.13289320468902588,0.06206425651907921,35141.0,11-3021,0.08812024972286307,0.34622769134960046,0.92978233
11-3031,0.2157,False,0.4621,False,Financial Managers,153.46,131.71,1.1022578,1.1470983,6.1916,0.069805905,0.5654783248901367,0.7960274815559387,0.05703358352184296,0.07570978254079819,0.09681471437215805,71642.0,11-3031,-0.9503272053852594,0.6405568094523271,1.0880153
11-3051,0.24076666666666666,False,0.4244666666666667,False,Industrial Production Managers,117.78,103.15,0.35429716,0.6547023,4.9051833,0.056330565,0.22300423681735992,0.8366243243217468,0.03388725966215134,0.05897686630487442,0.09019224345684052,15345.0,11-3051,-0.3275899755277573,0.15896612200598256,0.33508164
11-3061,0.2457,False,0.4243,False,Purchasing Managers,134.59,127.15,1.3931017,1.2982477,6.15,0.08805344,0.48608505725860596,0.8128517866134644,0.06597873568534851,0.05433083325624466,0.07825203239917755,12792.0,11-3061,-0.2050299888004826,0.15683330230958553,1.380793
11-3071,0.24385,False,0.4303,False,Transportation; Storage; and Distribution Managers,105.58,98.23,0.9072563,0.8683287,5.5921164,0.06895818,0.20487573742866516,0.7870433330535889,0.07700665295124054,0.04393589496612549,0.12678256630897522,14726.0,11-3071,-0.25098998382321025,0.23361481137986204,0.8917173
11-3111,0.2474,False,0.4224,False,Compensation and Benefits Managers,139.47,127.53,1.4667436,0.55931056,6.3334,0.07633022,0.760614275932312,0.8003613352775574,0.08943089097738266,0.04787714406847954,0.08039747178554535,1107.0,11-3111,-0.1627964798606784,0.1325191577706645,1.4549245
11-3121,0.2468,False,0.4231,False,Human Resources Managers,136.59,126.23,1.359222,0.9705216,6.3051,0.08108405,0.6679362654685974,0.7846046090126038,0.08494537323713303,0.054124485701322556,0.1123083084821701,19954.0,11-3121,-0.17770242419237436,0.1414770004955298,1.346688
11-3131,0.2552,False,0.4108,False,Training and Development Managers,128.8,120.13,1.3368375,1.199591,6.6283,0.08346949,0.5093863606452942,0.7960212826728821,0.08461754024028778,0.03642476722598076,0.09162230044603348,3569.0,11-3131,0.03098079645136291,-0.015925093098536604,1.3241546
11-9013,0.2527,False,0.4246,False,Farmers; Ranchers; and Other Agricultural Managers,78.44,73.06,-0.15849964,0.01627887,4.4200335,0.056143768,0.15589596331119537,0.9344655871391296,0.008385459892451763,0.011522745713591576,0.045045219361782074,51637.0,11-9013,-0.031127304930701875,0.16067237776309892,-0.18112461
11-9021,0.2454,False,0.4221,False,Construction Managers,108.21,98.89,0.6361951,1.8570849,5.68,0.060858864,0.08175968378782272,0.8619464039802551,0.02895655483007431,0.02470875158905983,0.10741472989320755,47554.0,11-9021,-0.21248296096633024,0.1286800823171504,0.6188539
11-9031,0.2555,False,0.4145,False,Education and Childcare Administrators; Preschool and Daycare,53.8,47.31,0.9671877,0.42575225,4.1391997,0.064704865,0.6595171093940735,0.7968642711639404,0.09704286605119705,0.03707583621144295,0.08960708975791931,58232.0,11-9030,0.03843376861721124,0.031423504161466956,0.95204717
11-9032,0.2529,False,0.4242,False,Education Administrators; Kindergarten through Secondary,102.65,98.42,1.1994486,0.617483,7.8223,0.083334,0.6595171093940735,0.7968642711639404,0.09704286605119705,0.03707583621144295,0.08960708975791931,58232.0,11-9030,-0.026158656820135864,0.15555361049174773,1.1858523
11-9033,0.2419,False,0.4359,False,Education Administrators; Postsecondary,111.26,96.91,1.544923,1.1096041,9.2528,0.08991366,0.6595171093940735,0.7968642711639404,0.09704286605119705,0.03707583621144295,0.08960708975791931,58232.0,11-9030,-0.2994343029012209,0.30527755317878663,1.5336236
11-9041,0.2327,False,0.4385,False,Architectural and Engineering Managers,158.97,152.35,0.64741105,1.3260394,6.5979,0.072341576,0.10560782253742218,0.8064010143280029,0.022597307339310646,0.11676812171936035,0.053218964487314224,10842.0,11-9041,-0.5279921159872195,0.33854954044257296,0.6301444
11-9051,0.2542,False,0.4201,False,Food Service Managers,63.97,59.44,0.061493147,-0.71020895,2.5406,0.053230766,0.5095002055168152,0.7178603410720825,0.07461012899875641,0.0950225293636322,0.15223124623298645,48157.0,11-9051,0.006137555898536997,0.10308624596039155,0.040330857
11-9071,0.2498,False,0.4196,False,Gambling Managers,89.19,76.91,0.7192592,0.7312038,3.6848,0.055156995,0.4290635883808136,0.7954901456832886,0.05261509492993355,0.04791731759905815,0.09802693128585815,3193.0,11-9070,-0.10317270253389661,0.09668778687120184,0.70247024
11-9072,0.2648,False,0.4091,False,Entertainment and Recreation Managers; Except Gambling,73.81,62.0,0.90996474,0.9635357,6.1299,0.06818605,0.4290635883808136,0.7954901456832886,0.05261509492993355,0.04791731759905815,0.09802693128585815,3193.0,11-9070,0.2694759057584914,-0.03767985400178133,0.89444375
11-9081,0.2468,False,0.431,False,Lodging Managers,67.77,59.43,0.46398506,0.20530598,4.8903,0.061140522,0.5414310097694397,0.7586673498153687,0.06147037073969841,0.09822965413331985,0.09343496710062027,8134.0,11-9081,-0.17770242419237436,0.24257265410472734,0.44549882
11-9111,0.2398,False,0.4273,False,Medical and Health Services Managers,119.84,101.34,1.314992,0.8518099,6.077,0.070983835,0.7272425889968872,0.779663622379303,0.09085117280483246,0.05568297579884529,0.09367991983890533,39240.0,11-9111,-0.35160510806215506,0.19522405684472377,1.3021638
11-9121,0.22870000000000001,False,0.4405666666666666,False,Natural Sciences Managers,156.11,137.9,1.2413431,1.3130147,7.0196,0.07330471,0.5659301280975342,0.7961511015892029,0.038488950580358505,0.0955096185207367,0.06842480599880219,1403.0,11-9121,-0.6273650781985225,0.36499650467788963,1.2280253
11-9131,0.2436,False,0.4246,False,Postmasters and Mail Superintendents,81.82,80.25,0.86570406,0.4705282,3.0264,0.06752019,,,,,,,,-0.25720079396141676,0.16067237776309892,0.8498888
11-9141,0.2426,False,0.4396,False,Property; Real Estate; and Community Association Managers,70.03,59.23,1.2145946,1.054147,5.04,0.06956201,0.5161170959472656,0.8049977421760559,0.06672181934118271,0.04390118643641472,0.11535828560590744,35056.0,11-9141,-0.28204403451424265,0.3526261504387902,1.2010989
11-9151,0.2494,False,0.4165,False,Social and Community Service Managers,76.79,74.0,1.2252437,0.7898791,6.3066998,0.07428336,0.7101982831954956,0.7681348919868469,0.10728560388088226,0.03751632571220398,0.09113933891057968,25269.0,11-9151,-0.11310999875502657,0.05701734051822579,1.2118188
11-9161,0.2493,False,0.4274,False,Emergency Management Directors,84.8,76.73,0.901037,1.4042481,6.12,0.07523231,0.3154121935367584,0.8148148059844971,0.07765830308198929,0.025089606642723083,0.08960573375225067,837.0,11-9161,-0.11559432281030957,0.19650374866256157,0.8854566
11-9171,0.2546,False,0.4128,False,Funeral Home Managers,82.9,74.0,0.33673203,0.40260535,5.7125,0.05277936,,,,,,,,0.016074852119667637,0.00966874325822223,0.31739974
11-9179,0.2539,False,0.4164,False,Fitness and Wellness Coordinators,59.58,60.36,0.72192436,0.21935815,5.7559166,0.06771951,,,,,,,,-0.0013154162673099505,0.05573764870038799,0.70515317
11-9199,0.24439999999999998,False,0.4287,False,Regulatory Affairs Managers,129.71,124.65,0.90996474,0.9635357,6.1299,0.06818605,,,,,,,,-0.23732620151915684,0.2131397422944551,0.89444375
13-1011,0.3079,False,0.3615,False,Agents and Business Managers of Artists; Performers; and Athletes,116.41,78.41,1.2476282,0.4296089,5.2309003,0.069637455,0.4799344837665558,0.7907453179359436,0.06838656961917877,0.05692055821418762,0.09746109694242477,2442.0,13-1011,1.340219573585288,-0.6468131592926414,1.2343522
13-1021,0.2523,False,0.4253,False,Buyers and Purchasing Agents; Farm Products,,,0.736816,0.6206006,5.4674997,0.06733946,0.2577996850013733,0.8407225012779236,0.04926108196377754,0.03940886631608009,0.10673234611749649,609.0,13-1021,-0.04106460115183114,0.16963022048796494,0.7201438
13-1022,0.2446,False,0.4214,False,Wholesale and Retail Buyers; Except Farm Products,,,0.7911764,0.6688566,3.9401999,0.07461722,0.5716478824615479,0.8023712038993835,0.06021835654973984,0.05177413672208786,0.11438075453042984,11724.0,13-1022,-0.23235755340859082,0.11972223959228508,0.7748656
13-1023,0.2547,False,0.4246,False,Purchasing Agents; Except Wholesale; Retail; and Farm Products,,,1.4957008,1.0576178,5.6961,0.07158316,0.5351913571357727,0.8076781034469604,0.06386120617389679,0.05758582428097725,0.08594807237386703,16254.0,13-1023,0.018559176174949954,0.16067237776309892,1.4840742
13-1031,0.2401,False,0.4311,False,Claims Adjusters; Examiners; and Investigators,70.96,65.08,1.1061984,1.2861141,5.14325,0.059153978,0.5875263810157776,0.7625235915184021,0.11668332666158676,0.043818727135658264,0.09952238202095032,18006.0,13-1030,-0.34415213589630744,0.24385234592256513,1.0919821
13-1032,0.2483,False,0.4221,False,Insurance Appraisers; Auto Damage,68.18,62.68,0.58208334,0.69738036,3.4155,0.055842593,0.5875263810157776,0.7625235915184021,0.11668332666158676,0.043818727135658264,0.09952238202095032,18006.0,13-1030,-0.14043756336313548,0.1286800823171504,0.5643824
13-1041,0.24777142857142856,False,0.4245857142857143,False,Compliance Officers,75.81,71.65,0.74842536,1.0231687,5.227125,0.064799055,0.5349658727645874,0.7671886086463928,0.0877678394317627,0.06210266053676605,0.10324935615062714,16988.0,13-1041,-0.15356899051248646,0.16048956464626526,0.73183036
13-1051,0.1729,False,0.5014,False,Cost Estimators,73.74,65.17,1.1340798,1.4779243,5.864,0.071869284,0.14363741874694824,0.8859965205192566,0.018826263025403023,0.03253922238945961,0.08297501504421234,8605.0,13-1051,-2.013617901046208,1.143475693862637,1.1200489
13-1071,0.2492,False,0.4207,False,Human Resources Specialists,70.72,62.29,1.5574723,0.5706536,5.7669997,0.07426113,0.744215726852417,0.7447392344474792,0.10467137396335602,0.056743230670690536,0.1188676506280899,47759.0,13-1070,-0.11807864686559189,0.11076439686741976,1.5462564
13-1074,0.2439,False,0.4246,False,Farm Labor Contractors,54.4,47.77,-0.4044011,-0.6037571,1.7107999,0.03715638,0.744215726852417,0.7447392344474792,0.10467137396335602,0.056743230670690536,0.1188676506280899,47759.0,13-1070,-0.2497478217955691,0.16067237776309892,-0.42866102
13-1075,0.246,False,0.4398,False,Labor Relations Specialists,77.07,77.01,1.4314107,0.94410044,5.9,0.078502856,0.744215726852417,0.7447392344474792,0.10467137396335602,0.056743230670690536,0.1188676506280899,47759.0,13-1070,-0.19757701663463495,0.35518553407446646,1.4193566
13-1081,0.23213333333333333,False,0.4386666666666667,False,Logisticians,79.23,77.03,1.0813531,1.5686994,5.7671,0.07751275,0.35042834281921387,0.7043297290802002,0.1224820539355278,0.06969206035137177,0.1381106674671173,8638.0,13-1081,-0.5420699523004873,0.34068236013897,1.0669715
13-1111,0.1271,True,2.1001,True,Management Analysts,100.53,93.0,1.5475565,0.9662557,7.1539,0.07698084,0.4303409457206726,0.7878777384757996,0.05516694486141205,0.09731300920248032,0.06542155146598816,56755.0,13-1111,-3.1514383183656336,21.601908785637793,1.5362747
13-1121,0.2558,False,0.4132,False,Meeting; Convention; and Event Planners,57.85,49.47,0.51306784,0.19925089,4.6675,0.06686001,0.7831672430038452,0.7950534224510193,0.07155720889568329,0.04610397294163704,0.1072157546877861,8329.0,13-1121,0.045886740783059564,0.01478751052957414,0.49490795
13-1131,0.2567,False,0.4218,False,Fundraisers,64.87,60.66,1.4046909,0.71830076,5.9056,0.07956422,0.719213604927063,0.872743546962738,0.04039320722222328,0.033422697335481644,0.05665773153305054,5595.0,13-1131,0.06824565728060178,0.12484100686363699,1.3924592
13-1141,0.2169,False,0.4514,False,Compensation; Benefits; and Job Analysis Specialists,73.81,64.12,1.3618382,1.2214352,5.3922,0.076978534,0.7569196820259094,0.7358180284500122,0.12112907320261002,0.05453548952937126,0.11126335710287094,3649.0,13-1141,-0.9205153167218681,0.5036297849436676,1.3493216
13-1151,0.2501,False,0.4158,False,Training and Development Specialists,67.62,61.57,1.3229108,0.94806236,6.3339,0.084970154,0.5430910587310791,0.7756388783454895,0.0977984294295311,0.03706162050366402,0.10001106560230255,9039.0,13-1151,-0.09571973036804898,0.04805949779336048,1.3101354
13-1161,0.20535,False,0.46340000000000003,False,Market Research Analysts and Marketing Specialists,76.08,63.92,1.1999228,1.4961646,6.377137,0.07826202,0.6149353981018066,0.7893304228782654,0.042163606733083725,0.09462067484855652,0.08343642950057983,20207.0,13-1161,-1.2074547451070072,0.6571928030842206,1.1863296
13-1199,0.24534999999999998,False,0.4276,False,Business Continuity Planners,79.24,74.67,0.92503,1.2212363,4.9577,0.07375872,0.5554839372634888,0.7305741906166077,0.08672855794429779,0.09085439145565033,0.10168471932411194,23268.0,13-1199,-0.2137251229939721,0.19906313229823716,0.9096092
13-2011,0.2302,False,0.4333,False,Accountants and Auditors,83.98,77.25,1.2140007,1.5720906,6.04665,0.0703158,0.6061688661575317,0.7635887861251831,0.06105109304189682,0.11778827756643295,0.07541826367378235,106632.0,13-2011,-0.5901002173692843,0.2720055659150003,1.2005011
13-2022,0.2274,False,0.4415,False,Appraisers of Personal and Business Property,,,0.6279358,1.184728,4.4165,0.064369716,0.3778241276741028,0.8983315825462341,0.029023287817835808,0.027980534359812737,0.050399720668792725,5754.0,13-2020,-0.6596612909171967,0.3769402949777112,0.61053973
13-2023,0.2252,False,0.4433,False,Appraisers and Assessors of Real Estate,,,0.6279358,1.184728,4.4165,0.064369716,0.3778241276741028,0.8983315825462341,0.029023287817835808,0.027980534359812737,0.050399720668792725,5754.0,13-2020,-0.7143164201334131,0.39997474769879443,0.61053973
13-2031,0.2378,False,0.4259,False,Budget Analysts,84.24,79.94,1.2999678,1.3263855,5.6932,0.07039102,0.6281565427780151,0.712436854839325,0.12594696879386902,0.08270201832056046,0.09627525508403778,3168.0,13-2031,-0.4012915891678069,0.17730837139499245,1.2870398
13-2041,0.1491,False,0.518,False,Credit Analysts,88.03,77.44,1.0924952,1.176388,5.1669,0.061847482,0.5546123385429382,0.7877758741378784,0.058290887624025345,0.08545557409524918,0.0956423282623291,1767.0,13-2041,-2.6048870262034636,1.3559045356237358,1.0781878
13-2052,0.2096,False,0.47,False,Personal Financial Advisors,119.96,94.17,1.3957422,0.81488764,6.5707,0.06755998,0.30598458647727966,0.8411311507225037,0.04187868535518646,0.06290809065103531,0.06443914026021957,22207.0,13-2052,-1.1018709727574971,0.7416524630615239,1.383451
13-2053,0.2315,False,0.455,False,Insurance Underwriters,79.94,76.39,1.2619742,1.2287158,5.3999,0.07470302,0.6305833458900452,0.8178349733352661,0.07153075933456421,0.054999206215143204,0.07168971747159958,6291.0,13-2053,-0.5578040046506101,0.5496986903858333,1.2487936
13-2061,0.2213,False,0.4536,False,Financial Examiners,96.18,81.41,1.3576344,1.4533906,6.2,0.07753923,0.5114068388938904,0.7576045393943787,0.09125475585460663,0.08365018665790558,0.0874524712562561,1052.0,13-2061,-0.8112050582894345,0.531783004936102,1.3450898
13-2071,0.2486,False,0.4234,False,Credit Counselors,50.43,47.58,1.3553212,0.93227327,4.18885,0.06600879,0.5556157827377319,0.8099907636642456,0.0651785209774971,0.05120008811354637,0.09974535554647446,18457.0,13-2070,-0.13298459119728784,0.14531607594904392,1.3427612
13-2072,0.2336,False,0.4365,False,Loan Officers,80.57,63.38,1.4163893,0.6310561,4.162175,0.060175918,0.5556157827377319,0.8099907636642456,0.0651785209774971,0.05120008811354637,0.09974535554647446,18457.0,13-2070,-0.5056331994896759,0.31295570408581413,1.4042354
13-2081,0.2513,False,0.4157,False,Tax Examiners and Collectors; and Revenue Agents,63.2,56.78,1.2532365,1.0425653,4.5513,0.057192553,0.6683059930801392,0.7144808769226074,0.13606557250022888,0.07349726557731628,0.11038251221179962,3660.0,13-2081,-0.06590784170465705,0.046779805975522684,1.2399979
13-2082,0.2565,False,0.4185,False,Tax Preparers,51.08,46.29,1.1437478,1.0395273,4.3,0.0666825,0.6406983733177185,0.7482239603996277,0.09584587812423706,0.07320891320705414,0.12269716709852219,8305.0,13-2082,0.06327700917003715,0.08261117687498462,1.1297811
13-2099,0.18245,True,0.23229999999999998,True,Financial Quantitative Analysts,80.37,73.24,1.2525945,1.2212341,6.883567,0.07087126,,,,,,,,-1.7763649537667203,-2.300174987939261,1.2393515
15-1211,0.249,False,0.43405,False,Computer Systems Analysts,102.21,99.27,1.0458162,1.5143439,6.4007,0.07674016,0.4021452069282532,0.7015396356582642,0.06950975954532623,0.16121239960193634,0.0744057223200798,31046.0,15-1211,-0.12304729497615721,0.2816032545487845,1.0311984
15-1212,0.2482,False,0.4282,False,Information Security Analysts,113.27,102.6,1.044709,1.6090971,5.8975,0.072084375,0.19077853858470917,0.7360544204711914,0.08783068507909775,0.091307632625103,0.08148147910833359,6615.0,15-1212,-0.1429218874184178,0.20674128320526539,1.0300838
15-1221,0.2652,False,0.4089,False,Computer and Information Research Scientists,142.65,131.49,0.968235,1.6302468,8.0258,0.09071565,0.2759493589401245,0.695569634437561,0.043670885264873505,0.19620253145694733,0.044936709105968475,1580.0,15-1221,0.27941320197962205,-0.04023923763745764,0.95310146
15-1231,0.2578,False,0.4338,False,Computer Network Support Specialists,71.35,62.76,0.65663195,1.0196266,5.1009,0.06016308,0.2622813582420349,0.7200928330421448,0.08524076640605927,0.10815698653459549,0.0990876704454422,37048.0,15-1230,0.09557322188871001,0.27840402500419,0.63942665
15-1232,0.2541,False,0.4299,False,Computer User Support Specialists,57.65,49.77,0.32617414,0.25467995,4.2432,0.055770703,0.2622813582420349,0.7200928330421448,0.08524076640605927,0.10815698653459549,0.0990876704454422,37048.0,15-1230,0.0036532318432546808,0.22849604410851013,0.30677164
15-1241,0.25115,False,0.43415000000000004,False,Computer Network Architects,120.65,120.52,0.4954185,0.89335835,5.9351997,0.06796688,0.08366328477859497,0.7333447933197021,0.0678257867693901,0.13152004778385162,0.07729385793209076,5809.0,15-1241,-0.06963432778758191,0.282882946366623,0.47714126
15-1242,0.2572,False,0.4431,False,Database Administrators,96.55,96.71,0.9959827,1.7296214,6.4392996,0.0757654,,,,,,,,0.08066727755701474,0.3974153640631181,0.9810336
15-1243,0.2248,False,0.4561,False,Database Architects,121.84,123.43,1.0197846,1.6630071,6.1837373,0.07617038,,,,,,,,-0.7242537163545438,0.5637753003820506,1.0049938
15-1244,0.2601,False,0.4411,False,Network and Computer Systems Administrators,91.25,80.6,0.4749538,1.475651,5.5811,0.066811256,0.19342823326587677,0.762622058391571,0.06571759283542633,0.09650719910860062,0.08806488662958145,12082.0,15-1244,0.15271267516021017,0.3718215277063593,0.4565405
15-1251,0.258,False,0.4258,False,Computer Programmers,96.65,93.0,1.024722,1.6730627,5.8687,0.06788428,0.2248391956090927,0.7420295476913452,0.035630002617836,0.1669520139694214,0.05950673297047615,21611.0,15-1251,0.10054186999927603,0.17602867957715465,1.009964
15-1252,0.1504,True,0.1022,True,Software Developers,120.99,120.73,1.0236865,1.5869197,6.26055,0.07937859,0.1920393854379654,0.6035985350608826,0.03165839612483978,0.30452245473861694,0.05661456659436226,80421.0,15-1252,-2.57259081348479,-3.965054042946421,1.0089216
15-1253,0.2486,False,0.4242,False,Software Quality Assurance Analysts and Testers,97.71,98.22,1.0303198,1.5900774,6.149759,0.078444175,0.4262327551841736,0.6329388618469238,0.04970414191484451,0.2617357075214386,0.05246548354625702,5070.0,15-1253,-0.13298459119728784,0.15555361049174773,1.015599
15-1254,0.3706,False,0.282,False,Web Developers,81.32,77.03,0.78878725,1.7646096,4.7504,0.075719915,0.33408036828041077,0.7600448131561279,0.049623820930719376,0.10549063235521317,0.08708179742097855,6247.0,15-1254,2.897890756247471,-1.6641681544738043,0.7724606
15-1255,0.5094,False,0.1159,False,Video Game Designers,95.46,79.89,0.91618687,1.6805012,5.3392878,0.07614763,0.4823151230812073,0.750185489654541,0.05144694447517395,0.11056146770715714,0.09794706851243973,4043.0,15-1255,6.346132544979705,-3.7897362639026233,0.90070724
15-1299,0.24931666666666666,False,0.42758333333333337,False,Web Administrators,98.18,95.27,0.72574216,1.3700342,5.144788,0.06547124,0.2814846634864807,0.7153908014297485,0.08562213182449341,0.11979035288095474,0.09068689495325089,39686.0,15-1299,-0.11518026880109586,0.19884985032859825,0.70899636
15-2011,0.1474,False,0.5142,False,Actuaries,125.3,105.9,1.1995885,1.6366059,6.75,0.075944945,0.3382899761199951,0.8008497357368469,0.021242698654532433,0.14657461643218994,0.02655337192118168,1883.0,15-2011,-2.6471205351432676,1.3072762465458938,1.1859932
15-2021,0.3878,False,0.2514,False,Mathematicians,112.43,108.1,1.1662333,1.9047047,8.7491,0.088481754,,,,,,,,3.3251944937560762,-2.0557538507322137,1.1524161
15-2031,0.1905,False,0.4834,False,Operations Research Analysts,95.83,82.36,1.2336333,1.5350443,7.3999996,0.086623095,0.4994480013847351,0.7232280969619751,0.09317730367183685,0.09902848303318024,0.08843011409044266,9058.0,15-2031,-1.5763768673164718,0.9131311666518082,1.2202642
15-2041,0.1357,False,0.5286500000000001,False,Statisticians,99.45,95.57,1.2432573,1.3349595,7.9333334,0.07535819,,,,,,,,-2.9377864496113313,1.492191714223477,1.2299522
15-2051,0.18675,False,0.45745,False,Business Intelligence Analysts,108.66,100.91,1.1434219,1.4656762,6.930754,0.075966775,,,,,,,,-1.669539019389569,0.581051139922863,1.1294531
15-2099,0.1999,False,0.4456,False,Bioinformatics Technicians,77.96,62.46,0.7455864,1.0629759,6.6608,0.058239736,,,,,,,,-1.3428504061199087,0.4294076595090667,0.7289725
17-1011,0.3364,False,0.3265,False,Architects; Except Landscape and Naval,91.9,80.18,0.6103589,2.3887103,7.1479,0.080051996,0.2785564064979553,0.7917834520339966,0.023475823923945427,0.11527680605649948,0.08558163791894913,11416.0,17-1011,2.0482519293408252,-1.0947052955359202,0.5928459
17-1012,0.3723,False,0.2822,False,Landscape Architects,74.98,67.95,0.83637565,1.7804829,6.3207,0.08948848,0.39244332909584045,0.8775818347930908,0.01108312327414751,0.062972292304039,0.06750629842281342,1985.0,17-1012,2.940124265187276,-1.661608770838128,0.8203654
17-1021,0.2568,False,0.4133,False,Cartographers and Photogrammetrists,73.51,68.9,0.47231886,1.698504,4.8386,0.06298549,0.19990788400173187,0.8770151734352112,0.031782589852809906,0.02994011901319027,0.06632888317108154,2171.0,17-1020,0.0707299813358841,0.01606720234741194,0.45388806
17-1022,0.20695,False,0.43125,False,Surveyors,68.88,61.6,-0.12128801,0.7111955,5.40345,0.049336266,0.19990788400173187,0.8770151734352112,0.031782589852809906,0.02994011901319027,0.06632888317108154,2171.0,17-1020,-1.1677055602224862,0.24577188364932254,-0.14366557
17-2011,0.2524,False,0.3964,False,Aerospace Engineers,122.97,122.27,1.1168504,1.7114655,6.5907,0.07765805,0.13046176731586456,0.778674304485321,0.030287984758615494,0.12537239491939545,0.07050645351409912,8056.0,17-2011,-0.03858027709654882,-0.20020071486720034,1.1027049
17-2021,0.2342,False,0.4311,False,Agricultural Engineers,87.35,82.64,0.6895172,1.42221,6.7307,0.071899645,,,,,,,,-0.4907272551579806,0.24385234592256513,0.67253053
17-2031,0.2503,False,0.4075,False,Bioengineers and Biomedical Engineers,101.02,97.41,0.6573067,1.4322715,7.059973,0.07902902,,,,,,,,-0.09075108225748296,-0.05815492308718896,0.64010584
17-2041,0.2164,False,0.4654,False,Chemical Engineers,121.84,105.55,0.9060193,2.256071,6.6363,0.09012569,0.18728689849376678,0.7725279927253723,0.031173892319202423,0.12981003522872925,0.06600097566843033,4106.0,17-2041,-0.9329369369982811,0.6827866394409787,0.89047205
17-2051,0.22486666666666666,False,0.46213333333333334,False,Civil Engineers,95.49,88.05,0.985374,1.933212,6.807625,0.07561745,0.15405087172985077,0.7904105186462402,0.03232843428850174,0.10924479365348816,0.07826883345842361,22921.0,17-2051,-0.7225975003176889,0.6409833733916063,0.9703544
17-2061,0.2665,False,0.4142,False,Computer Hardware Engineers,136.23,128.17,0.9768626,1.5604014,6.7729,0.078054465,0.1447543203830719,0.6155378222465515,0.0511288195848465,0.27556440234184265,0.05976095795631409,3012.0,17-2061,0.3117094146982963,0.027584428707953555,0.96178645
17-2071,0.2433,False,0.4496,False,Electrical Engineers,107.89,100.42,0.901124,1.509961,6.3676,0.07331945,0.09251603484153748,0.7381325960159302,0.035424090921878815,0.1643620878458023,0.06493228673934937,14030.0,17-2070,-0.26465376612726504,0.4805953322225843,0.88554424
17-2072,0.255,False,0.41759999999999997,False,Electronics Engineers; Except Computer,115.49,104.82,0.45691794,1.1050178,5.8294,0.06677666,0.09251603484153748,0.7381325960159302,0.035424090921878815,0.1643620878458023,0.06493228673934937,14030.0,17-2070,0.02601214834079828,0.071093950514443,0.43838474
17-2081,0.2356,False,0.4421,False,Environmental Engineers,100.22,96.82,1.0439507,1.8897645,6.84995,0.07599595,0.31039756536483765,0.7844036817550659,0.03669724613428116,0.11314984411001205,0.0652395486831665,1962.0,17-2081,-0.45594671838402406,0.3846184458847387,1.0293205
17-2111,0.24355,False,0.43185,False,Health and Safety Engineers; Except Mining Safety Engineers and Inspectors,99.7,99.04,0.7644105,1.5745159,5.965,0.06917543,0.2136838287115097,0.7915736436843872,0.033345337957143784,0.11026287078857422,0.0759812742471695,13885.0,17-2110,-0.2584429559890586,0.25345003455635007,0.74792176
17-2112,0.2491,False,0.42055,False,Industrial Engineers,95.2,95.3,0.7429327,1.3489723,6.7167225,0.07109015,0.2136838287115097,0.7915736436843872,0.033345337957143784,0.11026287078857422,0.0759812742471695,13885.0,17-2110,-0.1205629709208749,0.10884485914066236,0.72630113
17-2121,0.2448,False,0.4247,False,Marine Engineers and Naval Architects,97.82,93.37,0.3434475,1.1862296,6.35935,0.06743789,0.09398907423019409,0.8142076730728149,0.062295082956552505,0.06775956600904465,0.06010929122567177,915.0,17-2121,-0.2273889052980262,0.16195206958093744,0.32415986
17-2131,0.2443,False,0.4219,False,Materials Engineers,101.95,98.3,0.7804771,1.5775306,7.3071003,0.07983844,0.13003996014595032,0.7824192047119141,0.023610606789588928,0.13766799867153168,0.06211405619978905,2753.0,17-2131,-0.23981052557443916,0.12612069868147477,0.7640952
17-2141,0.25289999999999996,False,0.41419999999999996,False,Mechanical Engineers,97.0,95.3,0.6780269,1.6277909,6.7109,0.07113497,0.09049221873283386,0.8075226545333862,0.02617831528186798,0.10564197599887848,0.062456466257572174,17228.0,17-2141,-0.026158656820137245,0.027584428707952847,0.66096383
17-2151,0.2217,False,0.45,False,Mining and Geological Engineers; Including Mining Safety Engineers,100.45,97.09,1.0314173,1.9851587,6.2073,0.07747146,,,,,,,,-0.8012677620683039,0.48571409949393624,1.0167037
17-2161,0.2221,False,0.4393,False,Nuclear Engineers,121.76,120.38,1.0730702,1.5565658,6.0742,0.07357696,,,,,,,,-0.7913304658471739,0.3487870749852768,1.0586336
17-2171,0.231,False,0.4367,False,Petroleum Engineers,145.72,130.85,1.0331401,1.576132,6.1619,0.07618254,,,,,,,,-0.570225624927023,0.31551508772148973,1.018438
17-2199,0.2544125,False,0.415425,False,Energy Engineers; Except Wind and Solar,107.8,100.64,0.5808077,1.2129267,6.7529454,0.071592845,,,,,,,,0.011416744516012607,0.04326065347646802,0.5630982
17-3011,0.2687,False,0.4049,False,Architectural and Civil Drafters,60.62,60.34,0.5538733,1.901938,5.5008497,0.06937593,0.2221551537513733,0.8007847666740417,0.03531542420387268,0.0766676738858223,0.10172049701213837,3313.0,17-3011,0.3663645439145128,-0.0914269103509753,0.53598475
17-3012,0.2528,False,0.4233,False,Electrical and Electronics Drafters,67.09,61.51,0.675525,1.5588719,4.1925,0.06724294,,,,,,,,-0.02864298087541818,0.14403638413120612,0.6584453
17-3013,0.2986,False,0.3796,False,Mechanical Drafters,62.65,60.2,0.38184223,1.9856663,5.069,0.07164442,,,,,,,,1.1091774364440066,-0.4151889402639741,0.36280987
17-3021,0.2227,False,0.4044,False,Aerospace Engineering and Operations Technologists and Technicians,73.51,73.58,0.20079423,0.69876724,3.7039,0.051647507,,,,,,,,-0.7764245215154779,-0.09782536944016501,0.18055812
17-3022,0.238,False,0.4122,False,Civil Engineering Technologists and Technicians,58.0,58.32,0.55321527,1.6761031,4.2276,0.059568666,,,,,,,,-0.39632294105724225,0.0019905923511947224,0.53532237
17-3023,0.2444,False,0.422,False,Electrical and Electronic Engineering Technologists and Technicians,69.07,63.64,-0.0006456487,0.8485544,4.77948,0.055279784,0.09468003362417221,0.7791827321052551,0.06414803117513657,0.08203546702861786,0.09606784582138062,6485.0,17-3023,-0.23732620151915615,0.1274003904993126,-0.022221085
17-3024,0.2485,False,0.4155,False,Electro-Mechanical and Mechatronics Technologists and Technicians,63.88,60.36,-0.32387266,0.5192005,4.7771044,0.046768345,,,,,,,,-0.13546891525257015,0.04422042233984637,-0.34759715
17-3025,0.2318,False,0.4182,False,Environmental Engineering Technologists and Technicians,56.59,48.39,-0.12380528,0.46868756,5.2409,0.056010623,,,,,,,,-0.5503510324847624,0.07877210142147123,-0.14619957
17-3026,0.28325,False,0.37635,False,Industrial Engineering Technologists and Technicians,61.23,60.22,0.13407144,0.9491183,4.6626043,0.060604475,,,,,,,,0.7278336939581297,-0.45677892434370687,0.113391705
17-3027,0.236,False,0.41900000000000004,False,Mechanical Engineering Technologists and Technicians,63.39,60.46,-0.1764864,0.47732934,5.174305,0.053545047,,,,,,,,-0.44600942216289413,0.08900963596417504,-0.19923097
17-3029,0.24365,False,0.41764999999999997,False,Non-Destructive Testing Specialists,68.29,61.95,-0.07929184,0.69880235,5.318909,0.052983318,,,,,,,,-0.2559586319337756,0.0717337964233619,-0.101390176
17-3031,0.2121,False,0.4218,False,Surveying and Mapping Technicians,49.81,46.91,-0.29024893,0.96219796,4.33985,0.050903905,0.09614421427249908,0.8673009276390076,0.035553328692913055,0.01827741600573063,0.08487731963396072,3994.0,17-3031,-1.0397628713754323,0.12484100686363699,-0.31374988
19-1011,0.2187,False,0.4559,False,Animal Scientists,80.39,65.09,0.97172785,1.1201731,9.5927,0.07298546,0.3482428193092346,0.8556975722312927,0.030351437628269196,0.07294994592666626,0.04579339548945427,1878.0,19-1010,-0.8757974837267816,0.5612159167463749,0.95661753
19-1012,0.254,False,0.4002,False,Food Scientists and Technologists,84.15,78.34,0.5725463,1.1287401,6.8076,0.075522885,0.3482428193092346,0.8556975722312927,0.030351437628269196,0.07294994592666626,0.04579339548945427,1878.0,19-1010,0.0011689077879723654,-0.15157242578935828,0.5547819
19-1013,0.233,False,0.4286,False,Soil and Plant Scientists,76.29,66.75,0.60916954,0.80372226,9.6286,0.0770029,0.3482428193092346,0.8556975722312927,0.030351437628269196,0.07294994592666626,0.04579339548945427,1878.0,19-1010,-0.5205391438213711,0.2118600504766166,0.59164864
19-1021,0.2277,False,0.4313,False,Biochemists and Biophysicists,113.46,102.27,0.79352164,1.209346,10.1828,0.086801276,0.4834909737110138,0.7974299192428589,0.0217740498483181,0.11618775874376297,0.05657683312892914,5603.0,19-1020,-0.6522083187513483,0.24641172955824145,0.77722645
19-1022,0.2213,False,0.4321,False,Microbiologists,87.82,79.26,0.4742087,1.2200693,7.2618003,0.0785586,0.4834909737110138,0.7974299192428589,0.0217740498483181,0.11618775874376297,0.05657683312892914,5603.0,19-1020,-0.8112050582894345,0.2566492641009446,0.45579046
19-1023,0.2475,False,0.427,False,Zoologists and Wildlife Biologists,70.3,64.65,0.32667133,0.31520286,7.5015,0.05814209,0.4834909737110138,0.7974299192428589,0.0217740498483181,0.11618775874376297,0.05657683312892914,5603.0,19-1020,-0.1603121558053961,0.19138498139120966,0.30727214
19-1029,0.271525,False,0.38835,False,Bioinformatics Scientists,90.01,82.53,0.7722875,1.1491178,8.475583,0.07853703,0.4834909737110138,0.7974299192428589,0.0217740498483181,0.11618775874376297,0.05657683312892914,5603.0,19-1020,0.43654669847624644,-0.3032159062031546,0.75585115
19-1031,0.23393333333333333,False,0.43596666666666667,False,Conservation Scientists,68.23,63.75,0.0744339,0.24384204,5.9551,0.058169097,0.23348519206047058,0.9436218738555908,0.007972665131092072,0.01082004513591528,0.02448747120797634,1756.0,19-1030,-0.4973521193054008,0.30613068105734514,0.053357653
19-1032,0.2312,False,0.4376,False,Foresters,67.71,64.11,-0.19609007,0.20007414,5.6608,0.06798646,0.23348519206047058,0.9436218738555908,0.007972665131092072,0.01082004513591528,0.02448747120797634,1756.0,19-1030,-0.5652569768164584,0.3270323140820313,-0.21896498
19-1041,0.1291,False,0.5368,False,Epidemiologists,86.74,78.83,1.2842333,1.6525539,8.8666,0.08327659,,,,,,,,-3.101751837259982,1.5964865973772693,1.2712008
19-1042,0.3177,False,0.3319,False,Medical Scientists; Except Epidemiologists,104.05,95.31,1.1672387,1.327314,10.5892,0.07359822,,,,,,,,1.5836833310029812,-1.025601937372672,1.1534282
19-2011,0.1929,False,0.4713,False,Astronomers,139.41,128.16,1.0347716,2.1283271,11.3334,0.07761518,0.1705508530139923,0.8411017060279846,0.0190677959471941,0.0868644043803215,0.048728812485933304,944.0,19-2010,-1.5167530899896902,0.7582884566934174,1.0200803
19-2012,0.2225,False,0.4407,False,Physicists,151.58,152.43,1.0966057,1.7908905,9.2343,0.0876268,0.1705508530139923,0.8411017060279846,0.0190677959471941,0.0868644043803215,0.048728812485933304,944.0,19-2010,-0.7813931696260432,0.3667027604350074,1.0823256
19-2021,0.1488,False,0.5237,False,Atmospheric and Space Scientists,96.88,94.57,1.2594931,1.3618134,7.25,0.062993504,0.26960110664367676,0.8638239502906799,0.03026134893298149,0.03576341271400452,0.06327372789382935,727.0,19-2021,-2.612339998369312,1.428846969240499,1.246296
19-2031,0.2137,False,0.42,False,Chemists,89.13,79.43,0.32664835,0.8051209,6.1569,0.06262769,0.39518287777900696,0.7134701013565063,0.04620874300599098,0.1809099018573761,0.06512042880058289,5605.0,19-2030,-1.0000136864909113,0.10180655414255375,0.307249
19-2032,0.2353,False,0.4253,False,Materials Scientists,104.79,100.09,0.78580827,1.5926976,8.4783,0.077082306,0.39518287777900696,0.7134701013565063,0.04620874300599098,0.1809099018573761,0.06512042880058289,5605.0,19-2030,-0.4633996905498717,0.16963022048796494,0.7694618
19-2041,0.224475,False,0.45425,False,Environmental Scientists and Specialists; Including Health,81.24,76.53,0.87027967,1.2287743,7.6303253,0.07046793,0.4498319625854492,0.861257791519165,0.02640422433614731,0.04848775640130043,0.05424867942929268,2083.0,19-2041,-0.732327769534212,0.5401010017520484,0.8544948
19-2042,0.1996,False,0.47,False,Geoscientists; Except Hydrologists and Geographers,103.55,83.68,0.5673001,1.0569443,7.5426,0.06954157,,,,,,,,-1.3503033782857563,0.7416524630615239,0.5495008
19-2043,0.1576,False,0.5141,False,Hydrologists,94.78,84.03,0.55486906,0.8979447,7.3479004,0.07114274,,,,,,,,-2.3937194815044442,1.305996554728056,0.5369871
19-2099,0.2124,False,0.4431,False,Remote Sensing Scientists and Technologists,113.22,104.1,0.9125224,1.5835366,8.3563,0.076878525,0.4346765875816345,0.6390082240104675,0.028451979160308838,0.2714551091194153,0.05945883318781853,17222.0,19-2099,-1.0323098992095847,0.3974153640631181,0.89701843
19-3011,0.14195,False,0.5269999999999999,False,Economists,120.83,105.63,1.330122,1.2987856,9.86065,0.07061091,0.31296491622924805,0.7640807628631592,0.042507968842983246,0.12592986226081848,0.0972369834780693,1882.0,19-3011,-2.7825161961561693,1.4710767992291491,1.3173945
19-3022,0.1958,False,0.4532,False,Survey Researchers,64.69,59.74,1.2785227,1.2867807,7.3761,0.07101701,,,,,,,,-1.4447076923864945,0.5266642376647501,1.2654521
19-3032,0.225,False,0.4455,False,Industrial-Organizational Psychologists,113.32,105.31,1.4270022,1.2572092,9.6452,0.08420249,,,,,,,,-0.7192850682439785,0.42812796769122885,1.4149188
19-3033,0.2401,False,0.4368,False,Clinical and Counseling Psychologists,99.64,82.51,1.6260157,0.8265113,9.9311,0.07782085,0.6779866814613342,0.8574894070625305,0.04790782183408737,0.04305639863014221,0.05942995846271515,1649.0,19-3033,-0.34415213589630744,0.3167947795393282,1.6152555
19-3034,0.2474,False,0.4261,False,School Psychologists,82.77,78.78,1.6260157,0.8265113,9.9311,0.07782085,0.8159972429275513,0.8592516183853149,0.04806041717529297,0.02711980789899826,0.0954342633485794,2913.0,19-3034,-0.1627964798606784,0.17986775503066804,1.6152555
19-3039,0.2069,False,0.4524,False,Neuropsychologists,98.01,102.9,1.3299382,1.2970994,11.9230995,0.06929971,,,,,,,,-1.1689477222501272,0.516426703122047,1.3172095
19-3041,0.2298,False,0.4567,False,Sociologists,96.26,92.91,1.7474976,0.51276416,10.3181,0.082882375,,,,,,,,-0.6000375135904142,0.5714534512890781,1.7375451
19-3051,0.2384,False,0.4418,False,Urban and Regional Planners,81.31,78.5,1.1007054,1.4516505,7.4173746,0.07485896,0.44843751192092896,0.809374988079071,0.04062499850988388,0.06666667014360428,0.08541666716337204,1920.0,19-3051,-0.38638564483611165,0.38077937043122534,1.0864525
19-3091,0.2648,False,0.4251,False,Anthropologists and Archeologists,66.8,61.91,0.73882145,0.8613545,9.3318,0.07399008,,,,,,,,0.2694759057584914,0.16707083685228863,0.7221626
19-3092,0.2156,False,0.4415,False,Geographers,86.74,85.22,1.3631465,1.4974111,7.7826,0.08182153,,,,,,,,-0.9528115294405417,0.3769402949777112,1.3506386
19-3093,0.2559,False,0.4205,False,Historians,72.13,63.94,1.4906782,0.2597013,4.9408,0.07439994,,,,,,,,0.04837106483834188,0.10820501323174346,1.4790182
19-3094,0.2056,False,0.4652,False,Political Scientists,120.43,122.51,1.6865491,0.63623065,10.165601,0.07964979,,,,,,,,-1.2012439349688009,0.6802272558053031,1.6761913
19-3099,0.2221,False,0.459,False,Transportation Planners,90.9,84.43,1.0848243,1.9025764,6.5,0.074775755,,,,,,,,-0.7913304658471739,0.600886363099351,1.0704659
19-4012,0.2414,False,0.4275,False,Agricultural Technicians,44.85,40.43,0.06346135,0.7177125,5.3597336,0.054929357,0.39519158005714417,0.7903831601142883,0.06761833280324936,0.05371900647878647,0.11344853788614273,2662.0,19-4010,-0.3118559231776339,0.19778344048039936,0.042312145
19-4013,0.2353,False,0.4154,False,Food Science Technicians,47.87,46.59,-0.04923231,0.43282473,5.5438004,0.052111574,0.39519158005714417,0.7903831601142883,0.06761833280324936,0.05371900647878647,0.11344853788614273,2662.0,19-4010,-0.4633996905498717,0.04294073052200857,-0.07113079
19-4021,0.2242,False,0.4133,False,Biological Technicians,51.77,48.14,0.13282883,0.6145548,6.8125997,0.059996825,0.5160022377967834,0.6793935894966125,0.08029197156429291,0.11117349565029144,0.12352611124515533,1781.0,19-4021,-0.7391596606862391,0.01606720234741194,0.11214084
19-4031,0.2238,False,0.4138,False,Chemical Technicians,55.04,48.99,-0.09401592,0.4307853,4.5735,0.058656644,0.3531806468963623,0.7681933641433716,0.08982188254594803,0.0674300268292427,0.10076335817575455,3930.0,19-4031,-0.7490969569073698,0.02246566143660165,-0.11621215
19-4042,0.2303,False,0.4123,False,Environmental Science and Protection Technicians; Including Health,50.55,47.37,-0.14292464,0.4056481,6.274,0.052318357,,,,,,,,-0.5876158933140012,0.0032702841690325224,-0.16544606
19-4043,0.2207,False,0.4119,False,Geological Technicians; Except Hydrologic Technicians,59.08,48.31,-0.026536556,0.38357472,5.9484005,0.055396788,,,,,,,,-0.8261110026211298,-0.0018484831023193866,-0.048284136
19-4051,0.2323,False,0.4115,False,Nuclear Technicians,95.2,99.34,-0.09052587,0.5136482,3.80305,0.043982387,,,,,,,,-0.5379294122083494,-0.006967250373671296,-0.1126989
19-4061,0.197,False,0.4343,False,Social Science Research Assistants,56.43,49.72,1.125941,1.2615335,6.72255,0.0719045,,,,,,,,-1.4148958037231034,0.2848024840933797,1.111856
19-4071,0.2462,False,0.43,False,Forest and Conservation Technicians,43.42,39.29,-0.76114637,-0.10996373,3.9021,0.042450033,,,,,,,,-0.19260836852406962,0.22977573592634792,-0.78777814
19-4092,0.2446,False,0.4186,False,Forensic Science Technicians,66.85,61.93,0.010372163,0.9275115,4.7967,0.053627018,,,,,,,,-0.23235755340859082,0.08389086869282313,-0.011130018
19-4099,0.22425,False,0.4163,False,Quality Control Analysts,55.42,49.03,0.176155,1.0026003,5.175667,0.05774714,,,,,,,,-0.7379174986585979,0.05445795688255019,0.15575506
19-5011,0.2312,False,0.4397,False,Occupational Health and Safety Specialists,78.74,77.56,0.5978742,1.226232,6.2732,0.0571042,0.3256705105304718,0.7795807719230652,0.07572684437036514,0.04462474584579468,0.10615280270576477,4437.0,19-5010,-0.5652569768164584,0.35390584225662797,0.5802782
19-5012,0.2414,False,0.4197,False,Occupational Health and Safety Technicians,57.56,51.12,0.32896367,0.5103973,6.25,0.057302717,0.3256705105304718,0.7795807719230652,0.07572684437036514,0.04462474584579468,0.10615280270576477,4437.0,19-5010,-0.3118559231776339,0.09796747868904035,0.30957973
21-1011,0.2343,False,0.4086,False,Substance Abuse and Behavioral Disorder Counselors,,,1.2039093,0.48182917,7.0763,0.0642364,0.7191161513328552,0.709574818611145,0.13542015850543976,0.03933712840080261,0.12905925512313843,5974.0,21-1011,-0.4882429311026976,-0.04407831309097104,1.1903427
21-1012,0.2534,False,0.4339,False,Educational; Guidance; and Career Counselors and Advisors,63.09,60.51,1.1963847,0.42878097,7.6164002,0.073083945,0.7711917161941528,0.7547053098678589,0.11802544444799423,0.037499405443668365,0.12040787190198898,20987.0,21-1012,-0.013737036543722908,0.2796837168220278,1.182768
21-1013,0.2426,False,0.4223,False,Marriage and Family Therapists,59.66,49.88,1.4731297,0.85730374,8.4232,0.075370304,0.782564640045166,0.7780030369758606,0.0957932099699974,0.035985808819532394,0.11454637348651886,1973.0,21-1013,-0.28204403451424265,0.13123946595282668,1.4613531
21-1014,0.2501,False,0.4147,False,Mental Health Counselors,,,1.5369443,0.64892787,7.3034997,0.08116213,0.7765087485313416,0.7461928725242615,0.12027636915445328,0.03087986446917057,0.11266215145587921,7092.0,21-1014,-0.09571973036804898,0.033982887797143264,1.5255919
21-1015,0.2463,False,0.4202,False,Rehabilitation Counselors,44.74,38.56,0.83467036,-0.28236446,6.1754003,0.06310628,0.683080792427063,0.7443181872367859,0.14330808818340302,0.03851010277867317,0.1041666641831398,1584.0,21-1015,-0.1901240444687873,0.10436593777823006,0.81864876
21-1021,0.2544,False,0.418,False,Child; Family; and School Social Workers,54.88,49.15,0.9571291,0.19753656,6.4614997,0.06321135,0.8461042046546936,0.7036160230636597,0.16810159385204315,0.03034868650138378,0.12160998582839966,4646.0,21-1021,0.011106204009103006,0.07621271778579491,0.9419217
21-1022,0.2446,False,0.4171,False,Healthcare Social Workers,62.31,60.84,1.0936191,0.41413087,8.0,0.06795486,0.769363522529602,0.6951687335968018,0.17561349272727966,0.030099693685770035,0.12346626073122025,5216.0,21-1022,-0.23235755340859082,0.064695491425254,1.0793191
21-1023,0.2428,False,0.422,False,Mental Health and Substance Abuse Social Workers,57.8,49.13,1.2531843,0.55535567,7.3674,0.07728212,0.7948139905929565,0.7784667611122131,0.10372040420770645,0.02254791371524334,0.10766629129648209,1774.0,21-1023,-0.277075386403678,0.1274003904993126,1.2399453
21-1091,0.2513,False,0.4253,False,Health Education Specialists,64.93,60.6,0.96842164,0.08298084,5.3861,0.06806328,,,,,,,,-0.06590784170465705,0.16963022048796494,0.95328933
21-1092,0.2363,False,0.4172,False,Probation Officers and Correctional Treatment Specialists,63.29,60.25,0.896767,-0.45574516,5.981,0.06508974,0.5382496118545532,0.7071413397789001,0.17524899542331696,0.02097902074456215,0.14325068891048431,4719.0,21-1092,-0.4385564499970458,0.0659751832430918,0.8811583
21-1093,0.2417,False,0.4106,False,Social and Human Service Assistants,40.46,37.61,0.55739605,0.07159567,5.5743,0.05540353,0.7800588607788086,0.6372556686401367,0.17352253198623657,0.04053135961294174,0.17239037156105042,13249.0,21-1093,-0.30440295101178627,-0.0184844767342122,0.53953093
21-1094,0.2535,False,0.4194,False,Community Health Workers,47.78,46.59,0.13475072,-0.16737607,5.7272997,0.054690994,,,,,,,,-0.011252712488440592,0.09412840323552624,0.11407551
21-2011,0.2563,False,0.4159,False,Clergy,57.23,49.72,1.4701028,0.5839847,7.3915997,0.07403303,0.1993350237607956,0.8121595978736877,0.07612413167953491,0.05307156592607498,0.063932865858078,31580.0,21-2011,0.05830836105947114,0.04933918961119828,1.458306
21-2021,0.2562,False,0.4108,False,Directors; Religious Activities and Education,52.88,46.98,1.3550357,0.75990295,6.0028996,0.07101752,0.63922518491745,0.8601694703102112,0.050847455859184265,0.031073445454239845,0.07203389704227448,4956.0,21-2021,0.05582403700418883,-0.015925093098536604,1.3424737
23-1011,0.2753,True,0.3116,True,Lawyers,148.03,127.99,1.4540445,1.035825,10.3356,0.080669284,,,,,,,,0.5303299315631635,-1.2853793763937738,1.4421409
23-1012,0.2615,False,0.4386,False,Judicial Law Clerks,62.73,50.75,1.5125815,0.9544917,9.549,0.06892335,0.6486101150512695,0.7498217821121216,0.08125445246696472,0.06699928641319275,0.11974340677261353,1403.0,23-1012,0.18749321193416674,0.3398292322604108,1.501067
23-1021,0.2362,False,0.4551,False,Administrative Law Judges; Adjudicators; and Hearing Officers,104.16,102.55,1.5471449,0.554923,7.8467,0.05921262,,,,,,,,-0.4410407740523288,0.5509783822036711,1.5358603
23-1022,0.2182,False,0.4761,False,Arbitrators; Mediators; and Conciliators,62.35,49.41,1.6472415,0.79579383,6.88,0.06991139,,,,,,,,-0.8882191040031946,0.8197136639496388,1.6366224
23-1023,0.2243,False,0.4784,False,Judges; Magistrate Judges; and Magistrates,142.52,148.03,1.6462659,0.8351227,8.3648,0.059650455,,,,,,,,-0.7366753366309567,0.8491465757599111,1.6356403
23-2011,0.2557,False,0.4241,False,Paralegals and Legal Assistants,58.33,56.23,1.3326588,1.0159221,5.1916,0.06886461,0.8438425064086914,0.7867482900619507,0.07161104679107666,0.04156360402703285,0.1400592029094696,24661.0,23-2011,0.04340241672777587,0.15427391867390922,1.3199481
23-2093,0.2438,False,0.4168,False,Title Examiners; Abstractors; and Searchers,52.39,47.31,1.3841559,0.6196347,3.0504,0.058350634,0.7216936945915222,0.807498574256897,0.05110986903309822,0.06659205257892609,0.10016787797212601,5361.0,23-2093,-0.25223214585085213,0.0608564159717399,1.3717877
25-1011,0.2692,False,0.4052,False,Business Teachers; Postsecondary,105.72,94.36,1.6182278,0.37698638,10.0838995,0.0684086,0.5077582001686096,0.7681620717048645,0.05092746019363403,0.11781980842351913,0.06755443662405014,93643.0,25-1000,0.3787861641909257,-0.08758783489746119,1.6074159
25-1021,0.2962,False,0.3709,False,Computer Science Teachers; Postsecondary,89.61,77.91,1.3904215,0.87890464,9.0295,0.073523365,0.5077582001686096,0.7681620717048645,0.05092746019363403,0.11781980842351913,0.06755443662405014,93643.0,25-1000,1.0495536591172254,-0.5265221284158748,1.3780949
25-1022,0.2699,False,0.4094,False,Mathematical Science Teachers; Postsecondary,87.98,77.58,1.406917,0.619347,9.3253,0.06811158,0.5077582001686096,0.7681620717048645,0.05092746019363403,0.11781980842351913,0.06755443662405014,93643.0,25-1000,0.3961764325779033,-0.033840778548267926,1.3947
25-1031,0.2767,False,0.3926,False,Architecture Teachers; Postsecondary,98.6,95.16,1.2463421,1.3226389,9.165,0.07636311,0.5077582001686096,0.7681620717048645,0.05092746019363403,0.11781980842351913,0.06755443662405014,93643.0,25-1000,0.5651104683371201,-0.2488290039450417,1.2330575
25-1032,0.3453,False,0.3004,False,Engineering Teachers; Postsecondary,115.59,104.94,1.337249,1.1630336,10.602301,0.079385065,0.5077582001686096,0.7681620717048645,0.05092746019363403,0.11781980842351913,0.06755443662405014,93643.0,25-1000,2.269356770260976,-1.428704859991623,1.3245689
25-1041,0.2645,False,0.4141,False,Agricultural Sciences Teachers; Postsecondary,97.52,95.91,1.1541901,-0.28982285,10.6775,0.06365715,0.5077582001686096,0.7681620717048645,0.05092746019363403,0.11781980842351913,0.06755443662405014,93643.0,25-1000,0.26202293359264445,0.026304736890115758,1.1402928
25-1042,0.269,False,0.395,False,Biological Science Teachers; Postsecondary,98.71,81.44,1.4925165,0.52113235,10.9467,0.07674322,0.5077582001686096,0.7681620717048645,0.05092746019363403,0.11781980842351913,0.06755443662405014,93643.0,25-1000,0.37381751608036107,-0.21811640031693097,1.4808687
25-1043,0.2775,False,0.4136,False,Forestry and Conservation Science Teachers; Postsecondary,93.51,82.33,1.5629462,0.43527576,11.291,0.06958022,0.5077582001686096,0.7681620717048645,0.05092746019363403,0.11781980842351913,0.06755443662405014,93643.0,25-1000,0.5849850607793814,0.019906277800926048,1.5517666
25-1051,0.2713,False,0.4073,False,Atmospheric; Earth; Marine; and Space Sciences Teachers; Postsecondary,102.84,98.07,1.5218838,0.55258423,9.4993,0.07409125,0.5077582001686096,0.7681620717048645,0.05092746019363403,0.11781980842351913,0.06755443662405014,93643.0,25-1000,0.43095696935185984,-0.06071430672286456,1.5104313
25-1052,0.2674,False,0.4129,False,Chemistry Teachers; Postsecondary,94.06,79.41,1.4499326,0.8127032,9.8988,0.07040874,0.5077582001686096,0.7681620717048645,0.05092746019363403,0.11781980842351913,0.06755443662405014,93643.0,25-1000,0.3340683311958399,0.010948435076060031,1.4380016
25-1053,0.2634,False,0.4081,False,Environmental Science Teachers; Postsecondary,92.21,81.98,1.603297,0.61958086,10.7649,0.071551554,0.5077582001686096,0.7681620717048645,0.05092746019363403,0.11781980842351913,0.06755443662405014,93643.0,25-1000,0.23469536898453625,-0.050476772180160744,1.5923858
25-1054,0.2876,False,0.3949,False,Physics Teachers; Postsecondary,99.48,93.07,1.2401544,0.3341306,10.448299,0.06524108,0.5077582001686096,0.7681620717048645,0.05092746019363403,0.11781980842351913,0.06755443662405014,93643.0,25-1000,0.8359017903629228,-0.21939609213476946,1.2268287
25-1061,0.2236,False,0.4527,False,Anthropology and Archeology Teachers; Postsecondary,102.11,97.34,1.5342746,0.78132147,10.8725,0.080985814,0.5077582001686096,0.7681620717048645,0.05092746019363403,0.11781980842351913,0.06755443662405014,93643.0,25-1000,-0.7540656050179351,0.5202657785755604,1.5229044
25-1062,0.2882,False,0.3811,False,Area; Ethnic; and Cultural Studies Teachers; Postsecondary,91.68,78.91,1.6687597,0.4524237,10.019,0.07554294,0.5077582001686096,0.7681620717048645,0.05092746019363403,0.11781980842351913,0.06755443662405014,93643.0,25-1000,0.8508077346946181,-0.395993562996405,1.6582837
25-1063,0.2908,False,0.4005,False,Economics Teachers; Postsecondary,124.09,104.94,1.4618895,0.54991335,10.477799,0.060297515,0.5077582001686096,0.7681620717048645,0.05092746019363403,0.11781980842351913,0.06755443662405014,93643.0,25-1000,0.9154001601319652,-0.14773335033584417,1.4500381
25-1064,0.2334,False,0.4389,False,Geography Teachers; Postsecondary,88.15,81.44,1.6285357,0.5029951,10.5241995,0.076693535,0.5077582001686096,0.7681620717048645,0.05092746019363403,0.11781980842351913,0.06755443662405014,93643.0,25-1000,-0.5106018476002412,0.34366830771392487,1.6177924
25-1065,0.2482,False,0.426,False,Political Science Teachers; Postsecondary,98.98,81.98,1.7695651,0.32307985,10.8962,0.0730995,0.5077582001686096,0.7681620717048645,0.05092746019363403,0.11781980842351913,0.06755443662405014,93643.0,25-1000,-0.1429218874184178,0.17858806321283024,1.7597593
25-1066,0.266,False,0.4354,False,Psychology Teachers; Postsecondary,88.39,77.86,1.7164721,0.30698204,10.865,0.07326449,0.5077582001686096,0.7681620717048645,0.05092746019363403,0.11781980842351913,0.06755443662405014,93643.0,25-1000,0.29928779442188336,0.2988790940895969,1.7063134
25-1067,0.2238,False,0.4227,False,Sociology Teachers; Postsecondary,87.85,77.98,1.7704571,0.2546098,10.305201,0.070557274,0.5077582001686096,0.7681620717048645,0.05092746019363403,0.11781980842351913,0.06755443662405014,93643.0,25-1000,-0.7490969569073698,0.1363582332241786,1.7606573
25-1071,0.2607,False,0.409,False,Health Specialties Teachers; Postsecondary,133.31,102.72,1.2256309,0.06416537,8.98,0.068182334,0.5077582001686096,0.7681620717048645,0.05092746019363403,0.11781980842351913,0.06755443662405014,93643.0,25-1000,0.16761861949190546,-0.038959545819619835,1.2122086
25-1072,0.2546,False,0.416,False,Nursing Instructors and Teachers; Postsecondary,82.04,77.44,0.74384,-0.12456472,9.2718,0.060480334,0.5077582001686096,0.7681620717048645,0.05092746019363403,0.11781980842351913,0.06755443662405014,93643.0,25-1000,0.016074852119667637,0.05061888142903608,0.72721446
25-1081,0.2679,False,0.4069,False,Education Teachers; Postsecondary,76.99,63.91,1.6236962,0.041051216,10.6852,0.06751644,0.5077582001686096,0.7681620717048645,0.05092746019363403,0.11781980842351913,0.06755443662405014,93643.0,25-1000,0.34648995147225287,-0.06583307399421646,1.6129206
25-1082,0.2778,False,0.4067,False,Library Science Teachers; Postsecondary,80.85,77.1,1.6263764,0.66659504,10.242701,0.06876641,0.5077582001686096,0.7681620717048645,0.05092746019363403,0.11781980842351913,0.06755443662405014,93643.0,25-1000,0.5924380329452283,-0.06839245762989207,1.6156186
25-1111,0.2928,False,0.3694,False,Criminal Justice and Law Enforcement Teachers; Postsecondary,81.73,64.6,1.7541218,0.37957776,7.9044,0.069135584,0.5077582001686096,0.7681620717048645,0.05092746019363403,0.11781980842351913,0.06755443662405014,93643.0,25-1000,0.965086641237617,-0.5457175056834439,1.7442133
25-1112,0.2733,False,0.4078,False,Law Teachers; Postsecondary,130.82,123.47,1.8018878,0.26578212,9.9707,0.07748595,0.5077582001686096,0.7681620717048645,0.05092746019363403,0.11781980842351913,0.06755443662405014,93643.0,25-1000,0.4806434504575117,-0.054315847633674856,1.7922969
25-1113,0.2582,False,0.4109,False,Social Work Teachers; Postsecondary,77.65,71.01,1.7387905,0.35121772,10.4401,0.07432534,0.5077582001686096,0.7681620717048645,0.05092746019363403,0.11781980842351913,0.06755443662405014,93643.0,25-1000,0.10551051810984066,-0.014645401280698803,1.7287802
25-1121,0.3907,False,0.2506,False,Art; Drama; and Music Teachers; Postsecondary,86.24,75.94,1.0074347,0.53302735,8.6374,0.08088651,0.5077582001686096,0.7681620717048645,0.05092746019363403,0.11781980842351913,0.06755443662405014,93643.0,25-1000,3.3972398913592716,-2.0659913852749177,0.9925618
25-1122,0.2915,False,0.3707,False,Communications Teachers; Postsecondary,84.58,77.56,1.70167,0.3100412,8.961901,0.0665737,0.5077582001686096,0.7681620717048645,0.05092746019363403,0.11781980842351913,0.06755443662405014,93643.0,25-1000,0.9327904285189428,-0.5290815120515511,1.6914129
25-1123,0.2948,False,0.3988,False,English Language and Literature Teachers; Postsecondary,82.68,75.93,1.8568603,0.37504986,9.1033,0.080718175,0.5077582001686096,0.7681620717048645,0.05092746019363403,0.11781980842351913,0.06755443662405014,93643.0,25-1000,1.0147731223432688,-0.1694881112390896,1.8476349
25-1124,0.2992,False,0.3727,False,Foreign Language and Literature Teachers; Postsecondary,82.99,77.03,1.813892,-0.08224452,10.0278,0.06576409,0.5077582001686096,0.7681620717048645,0.05092746019363403,0.11781980842351913,0.06755443662405014,93643.0,25-1000,1.1240833807757031,-0.5034876756947922,1.804381
25-1125,0.2733,False,0.4062,False,History Teachers; Postsecondary,86.46,78.13,1.813362,0.4811135,10.0892,0.07211555,0.5077582001686096,0.7681620717048645,0.05092746019363403,0.11781980842351913,0.06755443662405014,93643.0,25-1000,0.4806434504575117,-0.07479091671908178,1.8038474
25-1126,0.2746,False,0.4194,False,Philosophy and Religion Teachers; Postsecondary,88.26,77.61,1.7998754,0.29138708,10.7197,0.07079388,0.5077582001686096,0.7681620717048645,0.05092746019363403,0.11781980842351913,0.06755443662405014,93643.0,25-1000,0.5129396631761859,0.09412840323552624,1.7902712
25-1192,0.264,False,0.4091,False,Family and Consumer Sciences Teachers; Postsecondary,93.23,79.63,1.4676614,0.6141432,9.1935,0.073061675,0.5077582001686096,0.7681620717048645,0.05092746019363403,0.11781980842351913,0.06755443662405014,93643.0,25-1000,0.2496013133162315,-0.03767985400178133,1.4558483
25-1193,0.2577,False,0.42,False,Recreation and Fitness Studies Teachers; Postsecondary,79.08,72.44,1.429312,0.46362877,10.124001,0.06678792,0.5077582001686096,0.7681620717048645,0.05092746019363403,0.11781980842351913,0.06755443662405014,93643.0,25-1000,0.0930888978334277,0.10180655414255375,1.417244
25-1194,0.2615,False,0.4102,False,Career/Technical Education Teachers; Postsecondary,63.13,59.84,0.39018852,-0.35712352,5.252,0.055324543,0.5077582001686096,0.7681620717048645,0.05092746019363403,0.11781980842351913,0.06755443662405014,93643.0,25-1000,0.18749321193416674,-0.02360324400556411,0.37121165
25-2011,0.2589,False,0.413,False,Preschool Teachers; Except Special Education,36.46,30.21,0.32225513,-0.4272635,4.5002,0.0735928,0.9768941402435303,0.7532941102981567,0.10724706202745438,0.042094118893146515,0.12974117696285248,42500.0,25-2010,0.12290078649681963,0.01222812689389783,0.30282658
25-2012,0.2909,False,0.3725,False,Kindergarten Teachers; Except Special Education,64.49,60.9,0.6531022,-0.3340585,6.3814,0.06677055,0.9768941402435303,0.7532941102981567,0.10724706202745438,0.042094118893146515,0.12974117696285248,42500.0,25-2010,0.9178844841872476,-0.5060470593304678,0.63587344
25-2021,0.268,False,0.4022,False,Elementary School Teachers; Except Special Education,67.08,61.4,1.0166249,0.5713763,6.2788997,0.075266846,0.808700442314148,0.8380531072616577,0.06945226341485977,0.029998252168297768,0.08658719062805176,206012.0,25-2020,0.3489742755275352,-0.12597858943259946,1.001813
25-2022,0.3072,False,0.3569,False,Middle School Teachers; Except Special and Career/Technical Education,66.88,61.32,1.2843281,1.0102388,6.313,0.0631962,0.808700442314148,0.8380531072616577,0.06945226341485977,0.029998252168297768,0.08658719062805176,206012.0,25-2020,1.322829305198309,-0.7056789829131866,1.2712961
25-2023,0.2917,False,0.3774,False,Career/Technical Education Teachers; Middle School,69.41,61.82,0.6469598,0.13408081,6.5166,0.063014016,0.808700442314148,0.8380531072616577,0.06945226341485977,0.029998252168297768,0.08658719062805176,206012.0,25-2020,0.9377590766295089,-0.44334216025640855,0.6296902
25-2031,0.2631,False,0.4108,False,Secondary School Teachers; Except Special and Career/Technical Education,69.53,61.82,1.2485279,0.93380284,6.9694,0.07456986,0.5890560150146484,0.8493896722793579,0.0521831251680851,0.03047124482691288,0.07790909707546234,67014.0,25-2030,0.2272423968186879,-0.015925093098536604,1.2352579
25-2032,0.2831,False,0.3824,False,Career/Technical Education Teachers; Secondary School,68.96,61.82,0.42226467,0.18908188,5.7581997,0.069256574,0.5890560150146484,0.8493896722793579,0.0521831251680851,0.03047124482691288,0.07790909707546234,67014.0,25-2030,0.7241072078752062,-0.3793575693645115,0.40350106
25-2051,0.2508,False,0.4157,False,Special Education Teachers; Preschool,71.97,62.42,0.65465784,-0.30376428,7.0575004,0.062437084,0.8637217879295349,0.8370068073272705,0.06410667300224304,0.027539752423763275,0.08051138371229172,21823.0,25-2050,-0.07832946198107,0.046779805975522684,0.63743937
25-2056,0.2513,False,0.4156,False,Special Education Teachers; Elementary School,,,0.9371846,-0.051950324,6.8628,0.06313598,0.8637217879295349,0.8370068073272705,0.06410667300224304,0.027539752423763275,0.08051138371229172,21823.0,25-2050,-0.06590784170465705,0.04550011415768488,0.9218446
25-2057,0.2544,False,0.418,False,Special Education Teachers; Middle School,68.86,61.82,1.334401,1.0250853,7.0601,0.07898509,0.8637217879295349,0.8370068073272705,0.06410667300224304,0.027539752423763275,0.08051138371229172,21823.0,25-2050,0.011106204009103006,0.07621271778579491,1.321702
25-2058,0.2541,False,0.4128,False,Special Education Teachers; Secondary School,70.1,62.12,0.99993235,0.7589721,6.502,0.07551009,0.8637217879295349,0.8370068073272705,0.06410667300224304,0.027539752423763275,0.08051138371229172,21823.0,25-2050,0.0036532318432546808,0.00966874325822223,0.98500955
25-2059,0.2746,False,0.3895,False,Adapted Physical Education Specialists,71.33,61.72,-0.23612256,-1.4262682,6.9059997,0.052933373,0.8637217879295349,0.8370068073272705,0.06410667300224304,0.027539752423763275,0.08051138371229172,21823.0,25-2050,0.5129396631761859,-0.28849945029801777,-0.25926363
25-3011,0.3571,False,0.3068,False,Adult Basic Education; Adult Secondary Education; and English as a Second Language Instructors,60.65,59.72,1.4400822,0.80280316,5.9347,0.06926293,,,,,,,,2.5625070087843214,-1.3468045836499944,1.4280858
25-3021,0.2766,False,0.3978,False,Self-Enrichment Teachers,49.23,43.58,0.824783,-0.04071483,5.5106,0.076090716,,,,,,,,0.5626261442818378,-0.18228502941746902,0.8086957
25-3031,0.2497,False,0.4191,False,Substitute Teachers; Short-Term,38.41,30.1,1.486138,0.5311096,6.0393,0.069616474,,,,,,,,-0.10565702658917893,0.09028932778201212,1.4744478
25-3041,0.2605,False,0.4169,False,Tutors,41.78,36.47,1.486138,0.5311096,6.0393,0.069616474,0.6535558700561523,0.676730751991272,0.07866493612527847,0.13462673127651215,0.12749144434928894,16958.0,25-3041,0.16264997138134082,0.0621361077895777,1.4744478
25-4011,0.2169,False,0.397,False,Archivists,61.88,60.05,0.6928958,0.8721994,7.7428,0.08374582,0.5979066491127014,0.8597906827926636,0.03597906604409218,0.033580463379621506,0.0621456615626812,4586.0,25-4010,-0.9205153167218681,-0.19252256396017212,0.67593163
25-4012,0.2935,False,0.372,False,Curators,63.88,60.11,0.6558576,1.287197,8.7438,0.081750154,0.5979066491127014,0.8597906827926636,0.03597906604409218,0.033580463379621506,0.0621456615626812,4586.0,25-4010,0.9824769096245947,-0.5124455184196576,0.63864714
25-4013,0.2572,False,0.4108,False,Museum Technicians and Conservators,52.03,47.63,-0.11072873,0.22817925,6.2661,0.059426285,0.5979066491127014,0.8597906827926636,0.03597906604409218,0.033580463379621506,0.0621456615626812,4586.0,25-4010,0.08066727755701474,-0.015925093098536604,-0.13303608
25-4022,0.2589,False,0.4149,False,Librarians and Media Collections Specialists,64.18,61.19,0.6249492,1.0941975,6.81775,0.069375895,0.8341155648231506,0.86726313829422,0.04752126708626747,0.03417424485087395,0.055734820663928986,13636.0,25-4022,0.12290078649681963,0.036542271432818865,0.6075332
25-4031,0.2567,False,0.4165,False,Library Technicians,39.07,36.97,0.1795232,-0.39870232,4.4709,0.052862708,0.7564417123794556,0.7631902098655701,0.07361963391304016,0.07423312962055206,0.10766871273517609,3260.0,25-4031,0.06824565728060178,0.05701734051822579,0.15914565
25-9021,0.2529,False,0.4187,False,Farm and Home Management Educators,58.04,49.99,0.7838627,0.99607515,7.7595,0.07102449,,,,,,,,-0.026158656820135864,0.08517056051066094,0.7675033
25-9031,0.2526,False,0.4189,False,Instructional Coordinators,70.56,63.74,1.3238202,1.2761626,7.4371,0.08178011,,,,,,,,-0.033611628985984195,0.08772994414633653,1.3110508
25-9042,0.3678,False,0.2781,False,Teaching Assistants; Preschool; Elementary; Middle; and Secondary School; Except Special Education,,,0.7475703,-0.35472628,3.6277,0.0656316,0.85188227891922,0.7237895131111145,0.09990519285202026,0.06139296293258667,0.15071913599967957,86492.0,25-9040,2.828329682699559,-1.7140761353694836,0.73096955
25-9043,0.2528,False,0.4187,False,Teaching Assistants; Special Education,,,0.7475703,-0.35472628,3.6277,0.0656316,0.85188227891922,0.7237895131111145,0.09990519285202026,0.06139296293258667,0.15071913599967957,86492.0,25-9040,-0.02864298087541818,0.08517056051066094,0.73096955
25-9044,0.2503,False,0.4124,False,Teaching Assistants; Postsecondary,41.17,38.04,1.376487,0.38615438,6.9075,0.07712648,0.85188227891922,0.7237895131111145,0.09990519285202026,0.06139296293258667,0.15071913599967957,86492.0,25-9040,-0.09075108225748296,0.004549975986870322,1.3640678
27-1011,0.5,False,0.1261,False,Art Directors,115.43,100.89,0.72728103,2.2489097,6.2477,0.0912995,0.5133534669876099,0.8156495690345764,0.03305136039853096,0.05945619195699692,0.0896676704287529,16550.0,27-1010,6.112606083783142,-3.6592076984831534,0.7105454
27-1012,0.506,False,0.1191,False,Craft Artists,40.73,35.93,-0.9173622,-0.2340453,3.68,0.07705594,0.5133534669876099,0.8156495690345764,0.03305136039853096,0.05945619195699692,0.0896676704287529,16550.0,27-1010,6.261665527100098,-3.7487861257318094,-0.94503266
27-1013,0.5269,False,0.0942,False,Fine Artists; Including Painters; Sculptors; and Illustrators,69.01,60.82,-0.69846547,0.9146529,4.1688,0.08955894,0.5133534669876099,0.8156495690345764,0.03305136039853096,0.05945619195699692,0.0896676704287529,16550.0,27-1010,6.780889254654159,-4.067429388373457,-0.72468054
27-1014,0.3902,False,0.2517,False,Special Effects Artists and Animators,86.22,78.79,0.43177176,1.8445841,4.9737,0.076290414,0.5133534669876099,0.8156495690345764,0.03305136039853096,0.05945619195699692,0.0896676704287529,16550.0,27-1010,3.3848182710828585,-2.0519147752787004,0.41307136
27-1021,0.2888,False,0.3731,False,Commercial and Industrial Designers,79.68,77.03,0.5598583,1.9734508,5.3921,0.08375019,0.38185444474220276,0.7896311283111572,0.023928215727210045,0.11365902423858643,0.10269192606210709,1003.0,27-1021,0.8657136790263134,-0.49836890842344034,0.5420096
27-1022,0.5089,False,0.1153,False,Fashion Designers,83.65,77.45,0.5077618,1.3010893,5.264,0.091831505,0.8422418236732483,0.6953814029693604,0.06227296218276024,0.12091333419084549,0.13440580666065216,1927.0,27-1022,6.3337109247032926,-3.797414414809651,0.48956662
27-1023,0.3447,False,0.3101,False,Floral Designers,32.1,29.88,-0.2188882,0.43372983,2.6399999,0.07560138,0.8876100182533264,0.8420221209526062,0.02685623988509178,0.043331075459718704,0.11329270899295807,4431.0,27-1023,2.254450825929281,-1.3045747536613428,-0.24191467
27-1024,0.4987,False,0.1289,False,Graphic Designers,59.97,50.71,0.5274013,1.9173037,5.3847,0.09193363,0.5540547966957092,0.7966287732124329,0.03382199630141258,0.08493933081626892,0.10075221210718155,18213.0,27-1024,6.080309871064467,-3.6233763275836917,0.50933677
27-1025,0.4035,False,0.2451,False,Interior Designers,62.57,60.34,0.8219336,2.4209528,5.9518,0.090967715,0.8499132990837097,0.8633139133453369,0.021440958604216576,0.049818698316812515,0.08229544013738632,6343.0,27-1025,3.715233370435444,-2.136374435256004,0.8058274
27-1026,0.2618,False,0.4041,False,Merchandise Displayers and Window Trimmers,35.52,32.06,-0.73484635,-0.86550385,3.6234,0.059142914,0.6223827004432678,0.7487364411354065,0.07581227272748947,0.05776173248887062,0.119855597615242,1385.0,27-1026,0.1949461841000137,-0.10166444489367842,-0.7613033
27-1027,0.4826,False,0.1467,False,Set and Exhibit Designers,62.96,54.86,-0.16026416,0.7514155,7.218,0.069844484,,,,,,,,5.680333698163971,-3.3955911840085378,-0.18290088
27-2011,0.2959,False,0.3709,False,Actors,,,0.5784018,-0.4134647,3.5201,0.07409749,0.4931693971157074,0.7379326224327087,0.10177595913410187,0.051912568509578705,0.1076958104968071,4392.0,27-2011,1.0421006869513771,-0.5265221284158748,0.56067634
27-2012,0.3012,False,0.36475,False,Producers and Directors,101.95,79.0,0.85978377,1.2062799,5.4806,0.07547085,0.3912751078605652,0.810512125492096,0.05342558026313782,0.05179206281900406,0.09186124801635742,10407.0,27-2012,1.173769861881355,-0.6052231752129079,0.8439292
27-2021,0.2391,False,0.431,False,Athletes and Sports Competitors,116.93,77.3,-1.2903826,-2.461248,3.011,0.035398923,0.14903196692466736,0.8032417893409729,0.07969383150339127,0.033318325877189636,0.08869878202676773,2221.0,27-2021,-0.3689953764491333,0.24257265410472734,-1.3205333
27-2022,0.257,False,0.4186,False,Coaches and Scouts,50.55,38.97,0.31885076,0.07318369,5.7662997,0.07453678,0.48995381593704224,0.7915704250335693,0.06986143440008163,0.04878753051161766,0.09209007024765015,17320.0,27-2022,0.07569862944645012,0.08389086869282313,0.29939958
27-2023,0.2467,False,0.4359,False,Umpires; Referees; and Other Sports Officials,51.71,35.86,-0.1454976,0.15991497,2.5167,0.039059475,0.21791972219944,0.8046919107437134,0.06613906472921371,0.04126625135540962,0.09412097185850143,3538.0,27-2023,-0.18018674824765668,0.30527755317878663,-0.16803613
27-2031,0.2557,False,0.4107,False,Dancers,,,-1.7930797,-3.6547816,1.9387,0.042328924,0.7761944532394409,0.6286672353744507,0.1316010057926178,0.06286672502756119,0.18943838775157928,1193.0,27-2030,0.04340241672777587,-0.017204784916374404,-1.8265727
27-2032,0.4549,False,0.1788,False,Choreographers,49.63,42.7,-0.88607013,-2.2669363,5.0,0.060578495,0.7761944532394409,0.6286672353744507,0.1316010057926178,0.06286672502756119,0.18943838775157928,1193.0,27-2030,4.992175934850695,-2.9848101104825586,-0.9135325
27-2041,0.438,False,0.2025,False,Music Directors and Composers,65.08,49.13,1.0316805,0.018014245,6.4357,0.08089946,0.37228068709373474,0.8164912462234497,0.07473684102296829,0.03929824382066727,0.06561403721570969,2850.0,27-2041,4.572325169507937,-2.6815231496549665,1.0169687
27-2042,0.261,False,0.4065,False,Musicians and Singers,,,0.29049933,-1.082056,5.4405,0.065894134,0.37827035784721375,0.782067596912384,0.09947311133146286,0.04296875,0.08130450546741486,11008.0,27-2042,0.17507159165775377,-0.07095184126556837,0.27085963
27-3011,0.2947,False,0.3664,False,Broadcast Announcers and Radio Disc Jockeys,56.11,37.63,1.1237385,0.057095237,5.0889,0.07200585,0.26916801929473877,0.8031538724899292,0.08700380474328995,0.03099510632455349,0.10005437582731247,1839.0,27-3011,1.0122887982879865,-0.5841082602185821,1.1096388
27-3023,0.2555,False,0.4228,False,News Analysts; Reporters; and Journalists,63.23,48.37,1.3501809,0.72767574,5.57915,0.0765947,0.4775123596191406,0.8164407014846802,0.05121583864092827,0.06391219794750214,0.08844415843486786,4647.0,27-3023,0.03843376861721124,0.13763792504201638,1.3375868
27-3031,0.2513,False,0.4191,False,Public Relations Specialists,73.25,62.8,1.5176369,0.6906517,6.1665998,0.08126683,0.6495397090911865,0.8172430992126465,0.06531475484371185,0.0430455319583416,0.08932570368051529,8038.0,27-3031,-0.06590784170465705,0.09028932778201212,1.5061561
27-3041,0.2888,False,0.377,False,Editors,76.4,63.35,1.1906308,1.229132,6.3914,0.08239992,0.5878039002418518,0.8574442267417908,0.03395619988441467,0.05234076827764511,0.05997588858008385,9954.0,27-3041,0.8657136790263134,-0.44846092752776046,1.1769758
27-3042,0.2368,False,0.427,False,Technical Writers,81.47,78.06,1.3165511,1.2441704,5.307,0.07238547,0.5723601579666138,0.8382242321968079,0.04263857379555702,0.06445949524641037,0.04890895262360573,3987.0,27-3042,-0.4261348297206328,0.19138498139120966,1.3037333
27-3043,0.38915,False,0.25875,False,Writers and Authors,81.12,69.51,1.1701306,1.1700218,5.0934496,0.098353,0.6098339557647705,0.8609833717346191,0.04144316911697388,0.03646232560276985,0.05127713829278946,15660.0,27-3043,3.3587328685023916,-1.9616965021211255,1.1563394
27-3091,0.3715,True,0.1433,True,Interpreters and Translators,58.4,49.11,1.3519585,-0.06265959,6.5854,0.05573305,0.7294514775276184,0.6308509111404419,0.04745053872466087,0.1396171748638153,0.3276499807834625,6217.0,27-3091,2.9202496727450145,-3.439100705815027,1.3393762
27-3092,0.1672,False,0.3715,False,Court Reporters and Simultaneous Captioners,65.24,60.38,0.90327984,-0.26055768,4.0063,0.03363337,0.8897679448127747,0.8702531456947327,0.04113924130797386,0.02584388107061386,0.08069620281457901,1896.0,27-3092,-2.1552243721973157,-0.5188439775088473,0.88771445
27-4011,0.3174,False,0.3366,False,Audio and Video Technicians,55.31,48.82,-0.12045101,0.22313917,4.2648,0.048991535,,,,,,,,1.5762303588371342,-0.9654564219342884,-0.142823
27-4012,0.2454,False,0.4176,False,Broadcast Technicians,51.28,44.74,-0.11056718,0.57631814,4.0311,0.05129889,,,,,,,,-0.21248296096633024,0.07109395051444371,-0.13287346
27-4014,0.3747,False,0.2839,False,Sound Engineering Technicians,67.36,60.5,0.33849445,0.45263183,3.312,0.06281125,,,,,,,,2.999748042514057,-1.6398540099348833,0.31917387
27-4021,0.3407,False,0.3175,False,Photographers,48.21,38.95,-0.38213915,0.9287885,3.44,0.06865836,0.5067567825317383,0.8184228539466858,0.04994868114590645,0.046955183148384094,0.100581593811512,11692.0,27-4021,2.155077863717977,-1.209877559141335,-0.40625104
27-4031,0.3803,False,0.2658,False,Camera Operators; Television; Video; and Film,61.74,49.23,-0.62897927,0.3758053,4.3886,0.047556706,0.2158443033695221,0.7859249114990234,0.051896993070840836,0.061332810670137405,0.11028110980987549,5087.0,27-4030,3.138870189609883,-1.8714782289635505,-0.65473235
27-4032,0.3751,False,0.2746,False,Film and Video Editors,76.0,62.68,0.65669185,1.9703379,4.6811,0.081045136,0.2158443033695221,0.7859249114990234,0.051896993070840836,0.061332810670137405,0.11028110980987549,5087.0,27-4030,3.0096853387351876,-1.7588653489938115,0.6394869
29-1011,0.2343,False,0.4243,False,Chiropractors,81.24,75.0,0.051626727,-0.76654077,10.0625,0.053037684,0.30682459473609924,0.893401026725769,0.014946418814361095,0.04794134199619293,0.04230118542909622,3546.0,29-1011,-0.4882429311026976,0.15683330230958553,0.030398838
29-1021,0.2459,False,0.4201,False,Dentists; General,167.16,160.37,-0.3476516,0.100170866,9.9878,0.051430777,0.30108559131622314,0.7621289491653442,0.026995869353413582,0.16620232164859772,0.054856374859809875,10409.0,29-1020,-0.20006134068991727,0.10308624596039155,-0.3715342
29-1022,0.2415,False,0.423,False,Oral and Maxillofacial Surgeons,311.46,,-0.33027378,-0.043996137,11.6424,0.049500182,0.30108559131622314,0.7621289491653442,0.026995869353413582,0.16620232164859772,0.054856374859809875,10409.0,29-1020,-0.30937159912235157,0.140197308677692,-0.35404083
29-1023,0.2388,False,0.4446,False,Orthodontists,267.28,,0.020533131,0.45162383,11.9182005,0.055441372,0.30108559131622314,0.7621289491653442,0.026995869353413582,0.16620232164859772,0.054856374859809875,10409.0,29-1020,-0.376448348614981,0.41661074133068726,-0.0009014917
29-1024,0.2452,False,0.4145,False,Prosthodontists,143.73,100.95,-0.21448454,0.11459178,11.4148,0.047824416,0.30108559131622314,0.7621289491653442,0.026995869353413582,0.16620232164859772,0.054856374859809875,10409.0,29-1020,-0.21745160907689554,0.031423504161466956,-0.23748174
29-1031,0.2483,False,0.4221,False,Dietitians and Nutritionists,65.62,61.65,1.3638923,1.1835704,7.4277,0.09012693,0.9165704846382141,0.790272057056427,0.08408903330564499,0.062159933149814606,0.0801319032907486,6065.0,29-1031,-0.14043756336313548,0.1286800823171504,1.3513893
29-1041,0.2391,False,0.4396,False,Optometrists,125.44,124.3,0.20033187,1.0613762,10.913,0.055185013,0.4402025640010834,0.777171790599823,0.015582391992211342,0.16984806954860687,0.03506038337945938,2567.0,29-1041,-0.3689953764491333,0.3526261504387902,0.18009268
29-1051,0.2445,False,0.4182,False,Pharmacists,125.69,128.57,0.57059586,0.47758427,9.5723,0.06557429,0.5677540302276611,0.7181283235549927,0.046042781323194504,0.1937967985868454,0.04064171016216278,18700.0,29-1051,-0.23484187746387383,0.07877210142147123,0.5528185
29-1071,0.24004999999999999,False,0.42510000000000003,False,Physician Assistants,119.46,121.53,0.0402409,0.054094583,6.8398,0.047893327,0.6702933311462402,0.8047100901603699,0.042556121945381165,0.08373502641916275,0.08070513606071472,7261.0,29-1071,-0.34539429792394927,0.16707083685228935,0.018937308
29-1081,0.2289,False,0.4128,False,Podiatrists,158.38,145.84,0.55372566,0.65191686,10.0559,0.05736649,0.2593801021575928,0.8548123836517334,0.021207178011536598,0.08809135109186172,0.039151713252067566,613.0,29-1081,-0.6223964300879579,0.00966874325822223,0.53583616
29-1122,0.24805,False,0.41575,False,Occupational Therapists,89.47,85.57,0.2657048,-0.1082611,7.4884996,0.063496314,0.8973373770713806,0.8521822690963745,0.0376063697040081,0.06738951057195663,0.046802084892988205,7286.0,29-1122,-0.14664837350134197,0.04741965188444158,0.24590027
29-1123,0.2452,False,0.4174,False,Physical Therapists,92.92,95.62,-0.058814622,-0.87851685,9.0778,0.05469685,0.6873591542243958,0.8127433061599731,0.026429010555148125,0.11370620876550674,0.04889708384871483,14643.0,29-1123,-0.21745160907689554,0.06853456687876741,-0.08077681
29-1124,0.2443,False,0.4146,False,Radiation Therapists,94.0,82.79,-0.3161771,-0.11465532,5.1635,0.04163338,0.7146145105361938,0.8423475027084351,0.05293440818786621,0.046029917895793915,0.06789413094520569,869.0,29-1124,-0.23981052557443916,0.03270319597930547,-0.33985043
29-1125,0.2625,False,0.3987,False,Recreational Therapists,53.9,47.94,0.40096784,-0.2381101,6.9096336,0.06442671,0.8092672228813171,0.7855603694915771,0.08943965286016464,0.0517241396009922,0.07543103396892548,928.0,29-1125,0.21233645248699265,-0.1707678030569274,0.3820626
29-1126,0.2375,False,0.415,False,Respiratory Therapists,68.19,61.83,-0.19942135,-0.2711617,5.0221,0.046793666,0.6524304747581482,0.7595899701118469,0.09908370673656464,0.06895480304956436,0.08976548910140991,6439.0,29-1126,-0.4087445613336552,0.03782196325065666,-0.2223184
29-1127,0.2366,False,0.4189,False,Speech-Language Pathologists,85.82,79.06,1.3433441,0.22940944,8.191,0.071678534,0.9534479379653931,0.8858412504196167,0.03235464543104172,0.028201662003993988,0.06905543804168701,10354.0,29-1127,-0.4311034778311981,0.08772994414633653,1.3307045
29-1128,0.2478,False,0.4193,False,Exercise Physiologists,54.03,47.94,0.30661955,-0.81049347,7.2493,0.06299331,,,,,,,,-0.15285918363954845,0.09284871141768844,0.28708705
29-1129,0.37739999999999996,False,0.26825,False,Art Therapists,65.03,59.5,0.40096784,-0.2381101,6.9096336,0.06442671,,,,,,,,3.0668247920066865,-1.840125779426521,0.3820626
29-1131,0.2206,False,0.4801,False,Veterinarians,109.92,100.37,-0.084255345,-0.13805012,10.7794,0.04757714,0.6173433065414429,0.9077635407447815,0.012464387342333794,0.03828347474336624,0.03490028530359268,5616.0,29-1131,-0.8285953266764128,0.8709013366631565,-0.106386684
29-1141,0.24264000000000002,False,0.4185,False,Registered Nurses,82.75,77.6,0.27239037,-0.04828078,6.57756,0.05431042,0.8965169191360474,0.7778725624084473,0.07668115943670273,0.08860086649656296,0.0631352961063385,186330.0,29-1141,-0.2810503048921293,0.08261117687498462,0.25263026
29-1151,0.2401,False,0.4224,False,Nurse Anesthetists,202.47,195.61,0.1344116,0.23856108,8.2587,0.052008804,0.5753486156463623,0.8798920512199402,0.024741340428590775,0.05308142304420471,0.03733693063259125,2223.0,29-1151,-0.34415213589630744,0.1325191577706645,0.11373413
29-1161,0.2441,False,0.4194,False,Nurse Midwives,114.21,112.83,0.3052241,-0.12398471,7.973,0.052100804,,,,,,,,-0.2447791736850038,0.09412840323552624,0.2856823
29-1171,0.2317,False,0.4353,False,Nurse Practitioners,118.04,120.68,0.30165955,-0.2782108,8.2659,0.05266072,,,,,,,,-0.5528353565400455,0.29759940227175913,0.28209406
29-1181,0.2462,False,0.4224,False,Audiologists,86.05,78.95,0.6955392,0.0039067306,10.4999,0.052196413,0.8440036177635193,0.8926961421966553,0.026149684563279152,0.04057709500193596,0.04328223690390587,1109.0,29-1181,-0.19260836852406962,0.1325191577706645,0.67859256
29-1211,0.2269,False,0.4539,False,Anesthesiologists,331.19,,0.21180405,-0.088393174,11.6055,0.03926608,0.3806620240211487,0.7079365253448486,0.03921796381473541,0.19872242212295532,0.06207897886633873,51660.0,29-1210,-0.6720829111936096,0.5356220803896161,0.19164114
29-1213,0.2314,False,0.4242,False,Dermatologists,302.74,,0.6186871,0.83730716,11.329833,0.06198606,0.3806620240211487,0.7079365253448486,0.03921796381473541,0.19872242212295532,0.06207897886633873,51660.0,29-1210,-0.5602883287058931,0.15555361049174773,0.6012295
29-1214,0.2318,False,0.4465,False,Emergency Medicine Physicians,310.64,,0.6186871,0.83730716,11.329833,0.06198606,0.3806620240211487,0.7079365253448486,0.03921796381473541,0.19872242212295532,0.06207897886633873,51660.0,29-1210,-0.5503510324847624,0.4409248858696083,0.6012295
29-1215,0.2441,False,0.415,False,Family Medicine Physicians,235.93,,1.1151165,0.45084968,11.2411995,0.056806408,0.3806620240211487,0.7079365253448486,0.03921796381473541,0.19872242212295532,0.06207897886633873,51660.0,29-1210,-0.2447791736850038,0.03782196325065666,1.1009594
29-1216,0.2385,False,0.4221,False,General Internal Medicine Physicians,242.19,,1.001316,0.9108477,11.612499,0.06662586,0.3806620240211487,0.7079365253448486,0.03921796381473541,0.19872242212295532,0.06207897886633873,51660.0,29-1210,-0.38390132078082934,0.1286800823171504,0.98640233
29-1217,0.2234,False,0.4513,False,Neurologists,267.66,,0.6186871,0.83730716,11.329833,0.06198606,0.3806620240211487,0.7079365253448486,0.03921796381473541,0.19872242212295532,0.06207897886633873,51660.0,29-1210,-0.7590342531285004,0.502350093125829,0.6012295
29-1218,0.2333,False,0.4395,False,Obstetricians and Gynecologists,296.21,,0.3644282,-0.084171675,11.3625,0.051017504,0.3806620240211487,0.7079365253448486,0.03921796381473541,0.19872242212295532,0.06207897886633873,51660.0,29-1210,-0.5130861716555235,0.3513464586209524,0.34528005
29-1221,0.2412,False,0.423,False,Pediatricians; General,198.42,170.48,1.1461418,0.7513968,10.404,0.05452077,,,,,,,,-0.3168245712881992,0.140197308677692,1.1321911
29-1222,0.2436,False,0.4197,False,Physicians; Pathologists,267.18,,0.6186871,0.83730716,11.329833,0.06198606,,,,,,,,-0.25720079396141676,0.09796747868904035,0.6012295
29-1223,0.2444,False,0.4384,False,Psychiatrists,249.76,,1.3658923,0.8234686,11.3752,0.07757549,,,,,,,,-0.23732620151915615,0.33726984862473514,1.3534026
29-1224,-0.035,True,0.4237,False,Radiologists,301.72,,0.6186871,0.83730716,11.329833,0.06198606,,,,,,,,-7.17852761197871,0.14915515140255803,0.6012295
29-1229,0.23231666666666664,False,0.4371666666666667,False,Allergists and Immunologists,231.5,,0.6186871,0.83730716,11.329833,0.06198606,,,,,,,,-0.5375153581991364,0.3214869828714009,0.6012295
29-1241,0.2189,False,0.4387,False,Ophthalmologists; Except Pediatric,270.09,,0.6186871,0.83730716,11.329833,0.06198606,0.17092399299144745,0.8155156373977661,0.019552191719412804,0.11542100459337234,0.05014191195368767,3171.0,29-1240,-0.8708288356162163,0.34110892407824855,0.6012295
29-1291,0.2446,False,0.4171,False,Acupuncturists,71.77,60.57,0.6788277,0.65258104,8.688933,0.062106583,0.6792762875556946,0.6439144611358643,0.009868420660495758,0.30016446113586426,0.046875,1216.0,29-1291,-0.23235755340859082,0.064695491425254,0.6617699
29-1292,0.2534,False,0.4218,False,Dental Hygienists,81.36,77.81,-0.35246748,-0.6239431,5.2217,0.04342797,0.9535998702049255,0.8649601936340332,0.0277677271515131,0.049475397914648056,0.07615774124860764,11056.0,29-1292,-0.013737036543722908,0.12484100686363699,-0.3763821
29-1299,0.2421,False,0.43220000000000003,False,Naturopathic Physicians,113.23,100.3,0.6788277,0.65258104,8.688933,0.062106583,0.7861111164093018,0.7472222447395325,0.05277777835726738,0.10277777910232544,0.07916666567325592,720.0,29-1299,-0.2944656547906556,0.25792895591878306,0.6617699
29-2011,0.22935,False,0.423825,False,Medical and Clinical Laboratory Technologists,,,-0.042349007,0.90262693,5.9999747,0.051027082,0.7352437973022461,0.6784274578094482,0.11385346204042435,0.12528297305107117,0.10281044989824295,18111.0,29-2010,-0.611216971839186,0.15075476617485525,-0.06420172
29-2012,0.23125,False,0.42210000000000003,False,Medical and Clinical Laboratory Technicians,,,-0.16256869,0.5165589,5.871537,0.052058302,0.7352437973022461,0.6784274578094482,0.11385346204042435,0.12528297305107117,0.10281044989824295,18111.0,29-2010,-0.5640148147888165,0.12868008231715108,-0.18522072
29-2031,0.2398,False,0.4142,False,Cardiovascular Technologists and Technicians,62.02,60.57,-0.131293,-0.20568994,4.5875,0.042724524,0.6241319179534912,0.7118055820465088,0.1015625,0.1024305522441864,0.109375,2304.0,29-2031,-0.35160510806215506,0.027584428707953555,-0.15373708
29-2032,0.2454,False,0.4165,False,Diagnostic Medical Sonographers,80.68,77.74,-0.27432021,-0.20527364,5.6165,0.04820109,0.794487714767456,0.8104653358459473,0.0443379282951355,0.07469542324542999,0.09207110106945038,5007.0,29-2032,-0.21248296096633024,0.05701734051822579,-0.29771525
29-2033,0.2445,False,0.4158,False,Nuclear Medicine Technologists,84.85,78.76,-0.022601547,0.2562446,5.4313,0.05124032,,,,,,,,-0.23484187746387383,0.04805949779336048,-0.044322964
29-2034,0.2438,False,0.4162,False,Radiologic Technologists and Technicians,66.49,61.37,-0.34268045,-0.57258934,4.7472754,0.044917665,0.7014596462249756,0.8190491795539856,0.05447280406951904,0.0548805333673954,0.09361493587493896,12263.0,29-2034,-0.25223214585085213,0.05317826506471239,-0.36653
29-2035,0.2381,False,0.4143,False,Magnetic Resonance Imaging Technologists,77.82,77.36,-0.13662834,-0.03477901,4.2588,0.04736537,0.5857082009315491,0.7796682119369507,0.05487026646733284,0.08294343203306198,0.09740535914897919,2351.0,29-2035,-0.39383861700195927,0.028864120525791355,-0.15910791
29-2036,0.2245,False,0.4261,False,Medical Dosimetrists,124.75,127.27,-0.28052667,-0.34987798,4.66325,0.04583844,,,,,,,,-0.7317066885203914,0.17986775503066804,-0.30396298
29-2051,0.2484,False,0.4168,False,Dietetic Technicians,34.16,29.52,-0.1277389,-0.14294752,2.2319,0.061093166,,,,,,,,-0.13795323930785247,0.0608564159717399,-0.15015934
29-2052,0.2531,False,0.4169,False,Pharmacy Technicians,37.97,36.74,-0.023385623,-0.14330536,2.7084,0.052026827,0.8050141930580139,0.7072721123695374,0.09539949148893356,0.09385436028242111,0.1299406886100769,20063.0,29-2052,-0.021190008709571235,0.0621361077895777,-0.045112252
29-2053,0.244,False,0.4165,False,Psychiatric Technicians,38.0,36.57,-0.0011000118,-0.6648577,4.9611,0.05644753,0.7145061492919922,0.6314300298690796,0.1594650149345398,0.06378600746393204,0.16049382090568542,3888.0,29-2053,-0.24726349774028678,0.05701734051822579,-0.022678468
29-2055,0.2485,False,0.4165,False,Surgical Technologists,53.59,48.53,-0.54176354,-0.43957716,3.9938002,0.038392,0.7646721601486206,0.7296884059906006,0.12272988259792328,0.04588032886385918,0.13439112901687622,5231.0,29-2055,-0.13546891525257015,0.05701734051822579,-0.56693673
29-2056,0.2452,False,0.4161,False,Veterinary Technologists and Technicians,38.25,36.85,-0.2819632,-0.6736001,4.517,0.051089186,0.8792661428451538,0.8429785370826721,0.0366922989487648,0.02819371409714222,0.10400647670030594,7413.0,29-2056,-0.21745160907689554,0.051898573246874594,-0.30540904
29-2057,0.2469,False,0.4131,False,Ophthalmic Medical Technicians,41.12,37.18,0.08290207,-0.054586127,3.087,0.046811707,,,,,,,,-0.17521810013709135,0.01350781871173634,0.061882123
29-2061,0.2341,False,0.4145,False,Licensed Practical and Licensed Vocational Nurses,51.85,48.07,-0.29799223,-1.110947,3.7942,0.0424364,0.8926251530647278,0.6839560270309448,0.18688644468784332,0.04989010840654373,0.10405372083187103,40950.0,29-2061,-0.4932115792132629,0.031423504161466956,-0.32154465
29-2081,0.2516,False,0.4159,False,Opticians; Dispensing,43.06,37.57,0.028575143,0.26737717,3.5772,0.052672762,0.7245762944221497,0.7998504638671875,0.04336988925933838,0.06281156837940216,0.12512463331222534,4012.0,29-2081,-0.05845486953881011,0.04933918961119828,0.007193989
29-2091,0.241,False,0.4156,False,Orthotists and Prosthetists,79.82,75.44,0.12564123,0.13702066,7.0599,0.06388484,0.6455060243606567,0.6636621356010437,0.14769507944583893,0.08975019305944443,0.11447334289550781,7766.0,29-2090,-0.32179321939876454,0.04550011415768488,0.10490544
29-2092,0.2509,False,0.4178,False,Hearing Aid Specialists,59.96,59.5,0.4584805,0.41814655,5.1085,0.052601933,0.6455060243606567,0.6636621356010437,0.14769507944583893,0.08975019305944443,0.11447334289550781,7766.0,29-2090,-0.07584513792578769,0.07365333415011932,0.43995768
29-2099,0.2431,False,0.41586666666666666,False,Neurodiagnostic Technologists,49.23,45.72,0.23568706,-0.07573414,4.82475,0.052597806,0.6455060243606567,0.6636621356010437,0.14769507944583893,0.08975019305944443,0.11447334289550781,7766.0,29-2090,-0.2696224142378297,0.048912625671919015,0.21568294
29-9091,0.2404,False,0.4158,False,Athletic Trainers,54.65,48.42,-0.09539676,-0.68487763,7.5848002,0.05068659,0.6775639653205872,0.7797496914863586,0.08275733143091202,0.056230150163173676,0.09041658788919449,5353.0,29-9000,-0.3366991637304598,0.04805949779336048,-0.11760217
29-9092,0.255,False,0.4602,False,Genetic Counselors,86.64,80.15,1.4776031,1.346768,8.0,0.064567395,0.6775639653205872,0.7797496914863586,0.08275733143091202,0.056230150163173676,0.09041658788919449,5353.0,29-9000,0.02601214834079828,0.6162426649134061,1.4658561
29-9093,0.2439,False,0.4175,False,Surgical Assistants,59.17,48.32,-0.0009659678,-0.24220295,5.3813753,0.047691114,0.6775639653205872,0.7797496914863586,0.08275733143091202,0.056230150163173676,0.09041658788919449,5353.0,29-9000,-0.2497478217955691,0.06981425869660521,-0.022543533
29-9099,0.2381,False,0.4195,False,Midwives,64.88,58.75,0.27859473,-0.13452792,6.0995,0.049543787,0.6775639653205872,0.7797496914863586,0.08275733143091202,0.056230150163173676,0.09041658788919449,5353.0,29-9000,-0.39383861700195927,0.09540809505336403,0.2588759
31-1121,0.2402,False,0.414,False,Home Health Aides,,,-0.404814,-0.98477924,2.6082,0.04986937,0.8950504660606384,0.49220284819602966,0.26050031185150146,0.08289619535207748,0.2044392079114914,28023.0,31-1121,-0.3416678118410251,0.025025045072277246,-0.42907667
31-1122,0.2442,False,0.4162,False,Personal Care Aides,,,-0.20604423,-1.3975713,2.6448998,0.04099077,0.8370897769927979,0.5845378041267395,0.17767363786697388,0.09511543810367584,0.18041643500328064,83856.0,31-1122,-0.24229484962972148,0.05317826506471239,-0.22898531
31-1131,0.2458,False,0.4148,False,Nursing Assistants,33.25,30.31,-0.5148466,-1.7509,2.3464,0.04357763,0.8947447538375854,0.5790201425552368,0.257821261882782,0.05697276443243027,0.12686465680599213,73070.0,31-1131,-0.20254566474520028,0.03526257961498106,-0.5398408
31-1132,0.252,False,0.413,False,Orderlies,33.44,29.99,-1.0876204,-2.7695293,1.9757999,0.039437648,,,,,,,,-0.04851757331767947,0.01222812689389783,-1.1164229
31-1133,0.2412,False,0.4126,False,Psychiatric Aides,34.64,30.26,-0.2746419,-1.0063335,3.0638,0.04788604,,,,,,,,-0.3168245712881992,0.007109359622546631,-0.29803908
31-2011,0.2534,False,0.404,False,Occupational Therapy Assistants,63.56,61.73,-0.074520536,-0.76193106,5.3855,0.05298684,0.8614178895950317,0.7769861221313477,0.09761311113834381,0.04773779958486557,0.08728179335594177,2807.0,31-2010,-0.013737036543722908,-0.10294413671151621,-0.096587144
31-2012,0.2477,False,0.4152,False,Occupational Therapy Aides,39.23,33.56,-0.35732234,-1.6022356,3.5769,0.050797254,0.8614178895950317,0.7769861221313477,0.09761311113834381,0.04773779958486557,0.08728179335594177,2807.0,31-2010,-0.15534350769483077,0.04038134688633297,-0.38126925
31-2021,0.236,False,0.4106,False,Physical Therapist Assistants,60.74,61.18,-0.2472779,-1.016285,5.0017,0.05061505,0.6998921632766724,0.8126636743545532,0.04390694946050644,0.06794022768735886,0.09428439289331436,6491.0,31-2020,-0.44600942216289413,-0.0184844767342122,-0.27049312
31-2022,0.2457,False,0.415,False,Physical Therapist Aides,30.37,29.2,-0.6148192,-1.4279007,3.2544,0.045924023,0.6998921632766724,0.8126636743545532,0.04390694946050644,0.06794022768735886,0.09428439289331436,6491.0,31-2020,-0.2050299888004826,0.03782196325065666,-0.64047813
31-9011,0.2513,False,0.4142,False,Massage Therapists,49.26,46.91,-0.6818891,-2.6839943,3.0667,0.05118894,0.8265847563743591,0.7591920495033264,0.047472771257162094,0.10546402633190155,0.10295075923204422,10743.0,31-9011,-0.06590784170465705,0.027584428707953555,-0.707994
31-9091,0.2571,False,0.4202,False,Dental Assistants,42.51,38.66,-0.34585366,-0.96073896,3.6859,0.047117066,0.9407882690429688,0.7286892533302307,0.05071799457073212,0.06721661984920502,0.219737246632576,16365.0,31-9091,0.07818295350173243,0.10436593777823006,-0.3697243
31-9092,0.2402,False,0.4163,False,Medical Assistants,38.19,37.19,0.23564877,-0.2574331,3.3224,0.052501023,0.9083651304244995,0.6769464612007141,0.10205595940351486,0.06068955734372139,0.243817999958992,28308.0,31-9092,-0.3416678118410251,0.05445795688255019,0.21564439
31-9093,0.2392,False,0.4151,False,Medical Equipment Preparers,42.42,38.22,-0.77628756,-0.59379154,3.225,0.03839907,,,,,,,,-0.36651105239385107,0.039101655068495174,-0.80302
31-9094,0.2217,False,0.4025,False,Medical Transcriptionists,34.22,30.1,1.1961807,0.06287903,3.2989001,0.04887657,0.8224897384643555,0.7730532884597778,0.044313523918390274,0.1129610687494278,0.07863729447126389,3904.0,31-9094,-0.8012677620683039,-0.12213951397908533,1.1825626
31-9095,0.2535,False,0.425,False,Pharmacy Aides,34.56,29.93,-0.02849257,-0.5959175,2.1429,0.042821918,0.7539723515510559,0.6617119312286377,0.11019989848136902,0.12506407499313354,0.1635058969259262,1951.0,31-9095,-0.011252712488440592,0.16579114503445083,-0.050253153
31-9096,0.2431,False,0.4141,False,Veterinary Assistants and Laboratory Animal Caretakers,31.78,29.78,-0.5899488,-1.2991602,3.281,0.03937814,0.8424525856971741,0.8353038430213928,0.027220236137509346,0.029969755560159683,0.12125378102064133,3637.0,31-9096,-0.2696224142378297,0.026304736890115758,-0.61544234
31-9097,0.2394,False,0.414,False,Phlebotomists,38.45,37.38,-0.2526035,-0.32787243,3.0915,0.046737462,0.8571428656578064,0.6669514775276184,0.15516063570976257,0.05997949466109276,0.16524265706539154,5852.0,31-9097,-0.3615424042832857,0.025025045072277246,-0.27585414
31-9099,0.2509,False,0.40959999999999996,False,Speech-Language Pathology Assistants,40.69,37.74,0.25206494,-0.22462703,3.93335,0.045690313,,,,,,,,-0.07584513792578769,-0.03128139491259233,0.23216972
33-1011,0.2211,False,0.4107,False,First-Line Supervisors of Correctional Officers,69.75,62.22,-0.36143214,-0.8863705,2.6048,0.04173933,0.279914528131485,0.75,0.16025641560554504,0.009615384973585606,0.1071937307715416,2808.0,33-1011,-0.8161737063999999,-0.017204784916374404,-0.38540637
33-1012,0.2361,False,0.4236,False,First-Line Supervisors of Police and Detectives,98.76,99.33,-0.19619662,-0.14367022,3.8318,0.04753509,0.15453685820102692,0.824826717376709,0.0849086344242096,0.016698172315955162,0.09955891966819763,6348.0,33-1012,-0.4435250981076111,0.1478754595847195,-0.21907222
33-1021,0.2414,False,0.4313,False,First-Line Supervisors of Firefighting and Prevention Workers,83.27,78.23,-0.636405,-0.24501652,3.9552002,0.04356668,0.04404145106673241,0.890544056892395,0.03367875516414642,0.010038860142230988,0.05084196850657463,3088.0,33-1021,-0.3118559231776339,0.24641172955824145,-0.6622074
33-1091,0.2397,False,0.4331,False,First-Line Supervisors of Security Workers,55.08,50.24,,,,,0.2801583707332611,0.7140195369720459,0.16138797998428345,0.02631578966975212,0.114578478038311,4294.0,33-1090,-0.3540894321174381,0.269446182279324,
33-2011,0.2481,False,0.4166,False,Firefighters,55.29,50.7,-1.2871249,-1.016914,3.3364,0.032062367,0.04802654683589935,0.8379904627799988,0.0568750724196434,0.01548492256551981,0.09680987149477005,17178.0,33-2011,-0.1454062114737008,0.0582970323360643,-1.3172538
33-2021,0.2476,False,0.4183,False,Fire Inspectors and Investigators,69.68,64.6,-0.15169084,0.7939743,3.57315,0.051515415,0.13757699728012085,0.8398357033729553,0.06365503370761871,0.023956194519996643,0.07871320843696594,1461.0,33-2020,-0.15782783175011378,0.08005179323930903,-0.17427054
33-2022,0.2508,False,0.4145,False,Forest Fire Inspectors and Prevention Specialists,54.34,42.6,-0.3418539,0.28082046,3.9378,0.047255635,0.13757699728012085,0.8398357033729553,0.06365503370761871,0.023956194519996643,0.07871320843696594,1461.0,33-2020,-0.07832946198107,0.031423504161466956,-0.36569795
33-3011,0.2407,False,0.4285,False,Bailiffs,52.34,48.32,-0.1705261,-1.6511301,2.8364,0.024737032,0.2918660342693329,0.7805023789405823,0.13576555252075195,0.008971291594207287,0.09569378197193146,1672.0,33-3011,-0.32924619156461216,0.21058035865877878,-0.19323103
33-3012,0.2346,False,0.4209,False,Correctional Officers and Jailers,53.42,47.92,-0.66908973,-1.3496287,2.1484,0.031514667,0.27410152554512024,0.7164382934570312,0.1749158799648285,0.015311844646930695,0.1196664571762085,20507.0,33-3012,-0.48078995893684995,0.11332378050309537,-0.6951095
33-3021,0.2356,False,0.4292,False,Detectives and Criminal Investigators,90.37,83.64,0.15112652,0.40807575,4.35104,0.051427294,0.27397438883781433,0.7985367178916931,0.08688267320394516,0.026783380657434464,0.12503266334533691,7654.0,33-3021,-0.45594671838402406,0.2195382013836448,0.13056017
33-3031,0.2436,False,0.4345,False,Fish and Game Wardens,58.19,60.73,-0.5055484,-0.10652105,5.3504,0.041221246,,,,,,,,-0.25720079396141676,0.2873618677290553,-0.5304808
33-3041,0.2422,False,0.4144,False,Parking Enforcement Workers,46.05,46.59,-0.6273561,-0.42561933,2.0730999,0.03635536,,,,,,,,-0.2919813307353733,0.030143812343629155,-0.65309834
33-3051,0.24175000000000002,False,0.4272,False,Police and Sheriff's Patrol Officers,70.75,64.61,-0.24453747,-0.10660291,3.76317,0.044534132,0.14231498539447784,0.7831830978393555,0.10068785399198532,0.024786528199911118,0.1332068294286728,42160.0,33-3050,-0.3031607889841444,0.19394436502688597,-0.2677345
33-3052,0.233,False,0.4048,False,Transit and Railroad Police,69.57,64.93,-0.7447406,-0.6880116,4.3381,0.038510904,0.14231498539447784,0.7831830978393555,0.10068785399198532,0.024786528199911118,0.1332068294286728,42160.0,33-3050,-0.5205391438213711,-0.0927066021688131,-0.7712633
33-9011,0.2349,False,0.4348,False,Animal Control Workers,42.62,39.16,-0.39025846,-0.91350496,2.5951,0.04581129,0.44923076033592224,0.8615384697914124,0.03999999910593033,0.015384615398943424,0.09846153855323792,650.0,33-9011,-0.47333698677100233,0.2912009431825694,-0.41442436
33-9021,0.2287,False,0.424,False,Private Detectives and Investigators,60.97,59.38,0.61476254,0.9329001,4.5066,0.056349218,0.4368012249469757,0.7477733492851257,0.11635398864746094,0.04339586943387985,0.11843850463628769,5277.0,33-9021,-0.6273650781985232,0.15299422685607142,0.59727883
33-9031,0.23,False,0.4094,False,Gambling Surveillance Officers and Gambling Investigators,38.08,35.45,0.43274245,1.1109185,2.2437,0.040006142,0.23836906254291534,0.5767709612846375,0.25125908851623535,0.04004013538360596,0.15902206301689148,51823.0,33-9030,-0.5950688654798489,-0.033840778548267926,0.4140485
33-9032,0.2623,False,0.4205,False,Security Guards,35.83,31.47,-0.42280948,-0.33780757,2.2215002,0.028367916,0.23836906254291534,0.5767709612846375,0.25125908851623535,0.04004013538360596,0.15902206301689148,51823.0,33-9030,0.20736780437642663,0.10820501323174346,-0.4471918
33-9091,0.2499,False,0.4176,False,Crossing Guards and Flaggers,35.67,31.45,-0.39716613,-1.13212,1.9734,0.026678763,0.539511501789093,0.6922892928123474,0.18845786154270172,0.022030651569366455,0.13074712455272675,4176.0,33-9091,-0.10068837847861362,0.07109395051444371,-0.42137796
33-9092,0.2487,False,0.414,False,Lifeguards; Ski Patrol; and Other Recreational Protective Service Workers,27.32,25.63,-0.3161409,-0.83500385,2.6861,0.034319684,,,,,,,,-0.13050026714200486,0.025025045072277246,-0.33981398
33-9093,0.2543,False,0.4163,False,Transportation Security Screeners,46.38,45.47,-0.5229555,-0.5910809,2.1852,0.03893358,0.36211833357810974,0.5768129825592041,0.2046755701303482,0.08396946638822556,0.19083969295024872,2096.0,33-9093,0.008621879953820692,0.05445795688255019,-0.5480036
33-9099,0.228,False,0.4265,False,Retail Loss Prevention Specialists,42.16,38.21,-0.017190998,0.21317598,2.7542999,0.048027746,,,,,,,,-0.6447553465855007,0.18498652230201995,-0.03887644
35-1011,0.2605,False,0.4091,False,Chefs and Head Cooks,56.92,50.16,-0.17203088,-0.45266733,4.4438,0.05598305,0.25931477546691895,0.5623983144760132,0.09927194565534592,0.19310492277145386,0.18822269141674042,23350.0,35-1011,0.16264997138134082,-0.03767985400178133,-0.19474582
35-1012,0.2596,False,0.4228,False,First-Line Supervisors of Food Preparation and Serving Workers,39.15,36.57,-0.15014428,-0.5156132,1.9835,0.05108906,0.6040188074111938,0.7082133293151855,0.11701679229736328,0.04482540488243103,0.1761048287153244,28466.0,35-1012,0.1402910548837972,0.13763792504201638,-0.1727137
35-2011,0.2574,False,0.4106,False,Cooks; Fast Food,25.49,24.18,-0.39062265,-1.5113155,1.5798,0.04073104,0.4460661709308624,0.6161485314369202,0.1503901481628418,0.0580819770693779,0.23679989576339722,129696.0,35-2010,0.08563592566758076,-0.0184844767342122,-0.41479096
35-2012,0.2561,False,0.4203,False,Cooks; Institution and Cafeteria,31.52,29.91,-0.5586923,-0.7715341,2.5133,0.051878802,0.4460661709308624,0.6161485314369202,0.1503901481628418,0.0580819770693779,0.23679989576339722,129696.0,35-2010,0.05333971294890651,0.10564562959606785,-0.583978
35-2013,0.2697,False,0.4042,False,Cooks; Private Household,43.26,42.92,-0.6394508,-0.74912155,3.1253,0.065490775,0.4460661709308624,0.6161485314369202,0.1503901481628418,0.0580819770693779,0.23679989576339722,129696.0,35-2010,0.39120778446733867,-0.1003847530758406,-0.6652735
35-2014,0.2555,False,0.4106,False,Cooks; Restaurant,31.63,30.01,-0.75855875,-0.5278708,2.6534998,0.05353076,0.4460661709308624,0.6161485314369202,0.1503901481628418,0.0580819770693779,0.23679989576339722,129696.0,35-2010,0.03843376861721124,-0.0184844767342122,-0.78517336
35-2015,0.2541,False,0.4178,False,Cooks; Short Order,28.11,28.56,-0.56743616,-0.7271932,1.9046,0.046885703,0.4460661709308624,0.6161485314369202,0.1503901481628418,0.0580819770693779,0.23679989576339722,129696.0,35-2010,0.0036532318432546808,0.07365333415011932,-0.59278005
35-2021,0.2574,False,0.424,False,Food Preparation Workers,28.81,28.78,-0.9339887,-1.7018582,2.7068,0.0487002,0.598667562007904,0.6649885177612305,0.11080904304981232,0.0682005062699318,0.20344358682632446,59589.0,35-2021,0.08563592566758076,0.15299422685607142,-0.9617697
35-3011,0.2571,False,0.4176,False,Bartenders,30.34,26.35,-0.4109996,-1.0726893,2.0281,0.048384298,0.6049991250038147,0.8156244158744812,0.044929224997758865,0.029833363369107246,0.12869557738304138,22324.0,35-3011,0.07818295350173243,0.07109395051444371,-0.4353034
35-3023,0.2549,False,0.41675,False,Fast Food and Counter Workers,26.06,25.1,-0.31475168,-1.1328859,1.89275,0.04457075,0.6452270746231079,0.6841232180595398,0.10798995941877365,0.06059722974896431,0.1665695160627365,44606.0,35-3023,0.023527824285515964,0.060216570062820995,-0.33841553
35-3031,0.2533,False,0.4131,False,Waiters and Waitresses,29.01,26.0,-0.4693402,-2.11317,2.1738,0.037782297,0.7175599336624146,0.7106010317802429,0.07503030449151993,0.07625085860490799,0.1809305101633072,117979.0,35-3031,-0.016221360599005225,0.01350781871173634,-0.49403188
35-3041,0.253,False,0.4161,False,Food Servers; Nonrestaurant,29.5,28.73,-0.44503313,-1.3259323,1.8714,0.039450973,0.6641221642494202,0.6404317021369934,0.15372467041015625,0.07668684422969818,0.16951829195022583,11397.0,35-3041,-0.02367433276485355,0.051898573246874594,-0.46956322
35-9011,0.2497,False,0.4152,False,Dining Room and Cafeteria Attendants and Bartender Helpers,27.69,27.17,-1.4327327,-2.7091093,1.6844,0.039704356,0.4329317808151245,0.6727070212364197,0.09809678047895432,0.060791656374931335,0.23506782948970795,19756.0,35-9011,-0.10565702658917893,0.04038134688633297,-1.4638298
35-9021,0.251,False,0.4162,False,Dishwashers,27.35,28.13,-1.5611628,-1.7874551,1.5155001,0.037831314,0.22906213998794556,0.6294237375259399,0.15624858438968658,0.043435029685497284,0.2115706205368042,22125.0,35-9021,-0.07336081387050537,0.05317826506471239,-1.5931138
35-9031,0.255,False,0.4209,False,Hosts and Hostesses; Restaurant; Lounge; and Coffee Shop,26.0,24.6,0.1821651,-0.9270184,1.9154,0.04582443,0.8452033400535583,0.7358589768409729,0.07993678003549576,0.047032903879880905,0.16830307245254517,20879.0,35-9031,0.02601214834079828,0.11332378050309537,0.16180512
37-1011,0.2461,False,0.4226,False,First-Line Supervisors of Housekeeping and Janitorial Workers,45.1,39.63,-0.36688516,-0.9832754,2.9491,0.047744926,0.40286314487457275,0.6927565336227417,0.12534038722515106,0.028164630755782127,0.21263518929481506,12853.0,37-1011,-0.19509269257935194,0.1350785414063401,-0.39089563
37-1012,0.2531,False,0.4139,False,First-Line Supervisors of Landscaping; Lawn Service; and Groundskeeping Workers,53.27,48.8,-0.48555863,-0.46123427,4.8333,0.051421158,0.07350634038448334,0.809656023979187,0.048400722444057465,0.01146650593727827,0.19118890166282654,8285.0,37-1012,-0.021190008709571235,0.023745353254439446,-0.5103581
37-2011,0.2523,False,0.415,False,Janitors and Cleaners; Except Maids and Housekeeping Cleaners,31.86,29.76,-1.0930418,-1.751452,2.2117,0.043557182,,,,,,,,-0.04106460115183114,0.03782196325065666,-1.1218803
37-2012,0.2521,False,0.4148,False,Maids and Housekeeping Cleaners,29.58,28.78,-1.0308135,-2.102381,1.6901001,0.038652048,0.8847480416297913,0.5644869804382324,0.1393231302499771,0.04921964183449745,0.36962181329727173,77977.0,37-2012,-0.04603324926239715,0.03526257961498106,-1.0592383
37-2021,0.2506,False,0.4205,False,Pest Control Workers,40.64,37.54,-0.72432816,-0.49488696,2.1111,0.04315334,0.055359505116939545,0.798412024974823,0.07984119653701782,0.01852668635547161,0.1477723866701126,4534.0,37-2021,-0.08329811009163603,0.10820501323174346,-0.75071514
37-3011,0.2566,False,0.4104,False,Landscaping and Groundskeeping Workers,35.24,34.43,-1.656454,-1.7019049,2.7467,0.031172743,0.08351145684719086,0.7101196646690369,0.08691508322954178,0.015384405851364136,0.26783841848373413,73451.0,37-3011,0.06576133322531946,-0.021043860369888513,-1.6890385
37-3012,0.2516,False,0.4137,False,Pesticide Handlers; Sprayers; and Applicators; Vegetation,40.5,38.27,-0.9335945,-0.6260106,2.5275002,0.042312235,,,,,,,,-0.05845486953881011,0.021185969618763848,-0.9613729
37-3013,0.2508,False,0.4162,False,Tree Trimmers and Pruners,47.45,46.97,-1.5807934,-1.7109864,1.5308,0.030016046,0.04160475358366966,0.7628157734870911,0.06630757451057434,0.009472510777413845,0.21229569613933563,5384.0,37-3013,-0.07832946198107,0.05317826506471239,-1.6128749
39-1013,0.2558,False,0.4115,False,First-Line Supervisors of Gambling Services Workers,52.59,49.14,0.521167,0.032886535,2.5068998,0.052959524,0.5872151851654053,0.717281699180603,0.08388788253068924,0.09881024062633514,0.10949788242578506,4959.0,39-1000,0.045886740783059564,-0.006967250373671296,0.50306094
39-1022,0.2436,False,0.4247,False,First-Line Supervisors of Personal Service Workers,45.73,40.39,0.62791777,-0.15352815,4.0729504,0.06612393,0.5872151851654053,0.717281699180603,0.08388788253068924,0.09881024062633514,0.10949788242578506,4959.0,39-1000,-0.25720079396141676,0.16195206958093744,0.61052155
39-2011,0.2668,False,0.4072,False,Animal Trainers,38.23,31.28,-0.72936547,-1.0296744,2.4579,0.049868476,0.6182830929756165,0.8764744400978088,0.03112713061273098,0.011795544065535069,0.08191350102424622,3052.0,39-2011,0.3191623868641433,-0.06199399854070236,-0.75578594
39-2021,0.2543,False,0.412,False,Animal Caretakers,29.52,28.6,-0.52798164,-1.6583124,2.8472002,0.04139674,0.7600967288017273,0.8425188064575195,0.03379306569695473,0.02258365787565708,0.11374251544475555,18199.0,39-2021,0.008621879953820692,-0.000568791284481587,-0.55306315
39-3011,0.2545,False,0.4139,False,Gambling Dealers,28.96,24.96,0.03029092,-0.31500915,2.1612,0.04158853,0.4610433578491211,0.5602980852127075,0.0721544697880745,0.236619234085083,0.10518292337656021,5904.0,39-3010,0.013590528064385323,0.023745353254439446,0.008921174
39-3012,0.2557,False,0.4125,False,Gambling and Sports Book Writers and Runners,29.11,27.53,0.365378,0.18971802,2.2178001,0.04130839,0.4610433578491211,0.5602980852127075,0.0721544697880745,0.236619234085083,0.10518292337656021,5904.0,39-3010,0.04340241672777587,0.0058296678047081215,0.34623617
39-3021,0.252,False,0.4219,False,Motion Picture Projectionists,32.97,29.35,-0.6494384,0.3664268,1.6361,0.04147614,,,,,,,,-0.04851757331767947,0.12612069868147477,-0.6753275
39-3031,0.2556,False,0.4138,False,Ushers; Lobby Attendants; and Ticket Takers,26.39,24.44,-0.111286506,-0.6086779,1.8408,0.045196574,0.43884485960006714,0.7185730338096619,0.13108719885349274,0.03850509598851204,0.14892412722110748,3532.0,39-3031,0.04091809267249355,0.02246566143660165,-0.13359757
39-3091,0.2567,False,0.4108,False,Amusement and Recreation Attendants,26.11,24.5,-0.22933674,-1.4589316,1.401,0.034856305,,,,,,,,0.06824565728060178,-0.015925093098536604,-0.2524327
39-3092,0.2933,False,0.3681,False,Costume Attendants,54.59,47.85,-0.2958649,-0.33134082,3.6605,0.06965644,,,,,,,,0.97750826151403,-0.5623534993153374,-0.3194032
39-3093,0.2568,False,0.4183,False,Locker Room; Coatroom; and Dressing Room Attendants,30.22,28.57,0.27948883,-1.9080426,1.9883001,0.03660881,,,,,,,,0.0707299813358841,0.08005179323930903,0.25977594
39-4011,0.2487,False,0.4148,False,Embalmers,51.21,47.78,-0.65714616,-0.40734646,5.1069,0.0436498,,,,,,,,-0.13050026714200486,0.03526257961498106,-0.68308645
39-4021,0.2524,False,0.4134,False,Funeral Attendants,31.63,29.23,-0.15774132,-1.3570567,2.8673,0.03595465,,,,,,,,-0.03858027709654882,0.01734689416524974,-0.18036126
39-4031,0.2532,False,0.4166,False,Morticians; Undertakers; and Funeral Arrangers,56.36,48.95,-0.11438869,-0.39618114,4.8107,0.051249187,0.2910779118537903,0.8550665974617004,0.08599112182855606,0.01291885320097208,0.05732741206884384,2477.0,39-4031,-0.01870568465428892,0.0582970323360643,-0.13672037
39-5011,0.2621,False,0.4053,False,Barbers,35.7,29.97,-0.5433185,-0.9609541,2.7883,0.045169316,0.2403601109981537,0.5529131889343262,0.23441481590270996,0.05265840142965317,0.23611347377300262,5887.0,39-5011,0.202399156265862,-0.0863081430796234,-0.568502
39-5012,0.2676,False,0.3981,False,Hairdressers; Hairstylists; and Cosmetologists,35.99,29.67,-0.6155546,-0.38884673,2.7917001,0.062243693,0.9188184142112732,0.7532846927642822,0.08779653161764145,0.06357207894325256,0.13355383276939392,43840.0,39-5012,0.33903697930640453,-0.1784459539639549,-0.64121836
39-5091,0.3495,False,0.3084,False,Makeup Artists; Theatrical and Performance,124.38,134.75,-0.4973671,0.30937463,3.1738,0.06937085,,,,,,,,2.3736983805828444,-1.3263295145645877,-0.52224517
39-5092,0.2622,False,0.4104,False,Manicurists and Pedicurists,30.48,29.21,-0.0792243,0.27104437,1.7951,0.062806666,0.8358726501464844,0.21088270843029022,0.023861346766352654,0.6947198510169983,0.09818621724843979,12405.0,39-5092,0.2048834803211443,-0.021043860369888513,-0.10132219
39-5093,0.2537,False,0.4128,False,Shampooers,25.16,24.44,-0.50059885,-1.7407731,2.566,0.04417454,,,,,,,,-0.006284064377875961,0.00966874325822223,-0.52549833
39-5094,0.2535,False,0.4197,False,Skincare Specialists,41.7,37.3,-0.037252504,-0.4736485,3.132,0.065041386,0.9890965819358826,0.7024922370910645,0.04257528483867645,0.14200414717197418,0.1492730975151062,3852.0,39-5094,-0.011252712488440592,0.09796747868904035,-0.059071332
39-6011,0.2548,False,0.4121,False,Baggage Porters and Bellhops,30.04,29.12,-0.9139996,-1.960085,1.8472,0.034355752,0.32083696126937866,0.5326939821243286,0.22297297418117523,0.08544027805328369,0.21861377358436584,4588.0,39-6010,0.021043500230233648,0.000710900533356923,-0.9416477
39-6012,0.2666,False,0.415,False,Concierges,37.52,35.21,1.0707763,0.118670605,3.6671,0.07115918,0.32083696126937866,0.5326939821243286,0.22297297418117523,0.08544027805328369,0.21861377358436584,4588.0,39-6010,0.31419373875357864,0.03782196325065666,1.0563245
39-7011,0.2564,False,0.4143,False,Tour Guides and Escorts,,,0.73558277,-0.5738792,4.1014,0.055253904,0.49478229880332947,0.7992083430290222,0.050557754933834076,0.0678301528096199,0.0714285746216774,5558.0,39-7010,0.06079268511475484,0.028864120525791355,0.71890235
39-7012,0.2602,False,0.4148,False,Travel Guides,,,0.55270696,0.60711753,3.8200002,0.06103517,0.49478229880332947,0.7992083430290222,0.050557754933834076,0.0678301528096199,0.0714285746216774,5558.0,39-7010,0.1551969992154925,0.03526257961498106,0.53481066
39-9011,0.2583,False,0.4043,False,Childcare Workers,27.68,27.49,-0.16749632,-0.61493415,2.856,0.055059526,0.9334247708320618,0.7089064121246338,0.11032848060131073,0.044099435210227966,0.18659707903862,75103.0,39-9011,0.10799484216512298,-0.09910506125800281,-0.19018112
39-9031,0.2676,False,0.3978,False,Exercise Trainers and Group Fitness Instructors,45.87,40.7,-1.2571996,-3.3076508,4.56,0.048049465,0.6753160953521729,0.7961210012435913,0.06811411678791046,0.046137552708387375,0.0982988029718399,15107.0,39-9031,0.33903697930640453,-0.18228502941746902,-1.2871296
39-9032,0.288,False,0.3796,False,Recreation Workers,32.02,29.68,0.09700849,-0.79919946,4.7645,0.06672969,0.6298621296882629,0.7587466835975647,0.1053200215101242,0.04249845817685127,0.09950607270002365,19436.0,39-9032,0.845839086584052,-0.4151889402639741,0.076082334
39-9041,0.2488,False,0.4183,False,Residential Advisors,34.95,31.22,0.71058285,-0.19853328,4.955,0.061289918,0.6103095412254333,0.6439276933670044,0.19568566977977753,0.06009244918823242,0.10575710982084274,7139.0,39-9041,-0.12801594308672254,0.08005179323930903,0.69373626
41-1011,0.253,False,0.421,False,First-Line Supervisors of Retail Sales Workers,46.89,39.23,0.20113823,-0.50343984,2.6520002,0.058167163,0.4834541976451874,0.7890074849128723,0.065345898270607,0.05495630204677582,0.11808782070875168,161219.0,41-1011,-0.02367433276485355,0.11460347232093317,0.1809044
41-1012,0.2337,False,0.4418,False,First-Line Supervisors of Non-Retail Sales Workers,92.32,79.68,1.2586395,1.2695018,4.6687,0.080277435,0.3365158140659332,0.8165959119796753,0.051245495676994324,0.056900281459093094,0.1085142195224762,62425.0,41-1012,-0.5031488754343936,0.38077937043122534,1.2454367
41-2011,0.2577,False,0.4174,False,Cashiers,26.77,27.26,-0.107471265,-0.85456073,1.7351,0.04927675,0.7347732186317444,0.6531307101249695,0.13423024117946625,0.06925556808710098,0.1856737732887268,206265.0,41-2010,0.0930888978334277,0.06853456687876741,-0.12975696
41-2012,0.2506,False,0.4196,False,Gambling Change Persons and Booth Cashiers,29.13,28.6,-0.10386144,-0.3736283,2.0591,0.04656428,0.7347732186317444,0.6531307101249695,0.13423024117946625,0.06925556808710098,0.1856737732887268,206265.0,41-2010,-0.08329811009163603,0.09668778687120184,-0.12612313
41-2021,0.251,False,0.4117,False,Counter and Rental Clerks,36.17,31.33,0.14270987,-0.4233016,3.3548,0.04516638,0.4616334140300751,0.7372968792915344,0.09236782789230347,0.051018308848142624,0.16478091478347778,4861.0,41-2021,-0.07336081387050537,-0.004407866737994986,0.12208757
41-2022,0.2557,False,0.4203,False,Parts Salespersons,36.92,34.26,-0.013643155,-0.4396567,2.3442,0.05045362,0.12511131167411804,0.8496586680412292,0.039329178631305695,0.01202137116342783,0.1279311329126358,6738.0,41-2022,0.04340241672777587,0.10564562959606785,-0.03530501
41-2031,0.2569,False,0.4124,False,Retail Salespersons,31.92,29.12,0.35739654,-0.7188671,2.3097,0.05996391,0.5358679890632629,0.7495249509811401,0.08629066497087479,0.05424879491329193,0.15032817423343658,194714.0,41-2031,0.0732143053911678,0.004549975986870322,0.33820164
41-3011,0.261,False,0.4101,False,Advertising Sales Agents,66.54,52.34,1.1221014,1.1297129,4.4617,0.071328364,0.5301830172538757,0.8478515148162842,0.05179800093173981,0.03998441994190216,0.08645982295274734,7703.0,41-3011,0.17507159165775377,-0.02488293582340191,1.1079909
41-3021,0.2591,False,0.4194,False,Insurance Sales Agents,69.34,49.84,1.4269451,0.67812985,4.7291,0.07329447,0.4931338131427765,0.8202783465385437,0.066229447722435,0.040704477578401566,0.10868895798921585,32478.0,41-3021,0.12786943460738426,0.09412840323552624,1.4148613
41-3031,0.2427,False,0.431,False,Securities; Commodities; and Financial Services Sales Agents,93.26,62.91,1.2508404,0.8551871,5.072933,0.069181606,0.28077232837677,0.8131938576698303,0.04408688470721245,0.08205953240394592,0.08077232539653778,12430.0,41-3031,-0.27955971045896033,0.24257265410472734,1.2375858
41-3041,0.2605,False,0.4211,False,Travel Agents,46.58,43.81,1.2784363,0.33393648,3.9292,0.070430085,0.8252068161964417,0.7836308479309082,0.05637788400053978,0.0896821916103363,0.08271658420562744,4594.0,41-3041,0.16264997138134082,0.11588316413877096,1.2653651
41-4011,0.25905,False,0.42295,False,Sales Representatives; Wholesale and Manufacturing; Technical and Scientific Products,102.75,94.84,0.95307225,0.67502165,4.6349,0.06764261,0.2892444431781769,0.8643192648887634,0.03231137990951538,0.03897687420248985,0.089902862906456,73813.0,41-4010,0.1266272725797431,0.1395574627687731,0.9378379
41-4012,0.2505,False,0.4258,False,Sales Representatives; Wholesale and Manufacturing; Except Technical and Scientific Products,72.39,61.6,1.0390185,0.17831647,5.0812,0.06976623,0.2892444431781769,0.8643192648887634,0.03231137990951538,0.03897687420248985,0.089902862906456,73813.0,41-4010,-0.08578243414691834,0.17602867957715465,1.0243555
41-9011,0.2562,False,0.413,False,Demonstrators and Product Promoters,36.99,32.35,0.334189,-0.34260908,1.6889,0.060099665,0.7104870676994324,0.746769368648529,0.09343936294317245,0.048459243029356,0.13021868467330933,4024.0,41-9010,0.05582403700418883,0.01222812689389783,0.31483978
41-9012,0.2572,False,0.4084,False,Models,,,-0.5034364,-1.800854,1.3366,0.073866166,0.7104870676994324,0.746769368648529,0.09343936294317245,0.048459243029356,0.13021868467330933,4024.0,41-9010,0.08066727755701474,-0.046637696726647346,-0.52835476
41-9021,0.2559,False,0.4204,False,Real Estate Brokers,86.49,62.01,1.3480248,0.45384565,5.2125998,0.057539064,0.5755720138549805,0.8400333523750305,0.04076160863041878,0.05366039276123047,0.08851609379053116,55199.0,41-9020,0.04837106483834188,0.10692532141390565,1.3354163
41-9022,0.0561,True,0.5713,True,Real Estate Sales Agents,61.48,48.34,0.7012568,1.148021,2.9519,0.05919984,0.5755720138549805,0.8400333523750305,0.04076160863041878,0.05366039276123047,0.08851609379053116,55199.0,41-9020,-4.915308397616272,2.037980274531358,0.68434817
41-9031,0.26,False,0.4167,False,Sales Engineers,118.63,103.71,1.025903,1.3350976,5.6657,0.07530689,0.08513011038303375,0.8635687828063965,0.01412639394402504,0.05910780653357506,0.06468401849269867,2690.0,41-9031,0.15022835110492785,0.0595767241539021,1.0111527
41-9041,0.2517,False,0.4226,False,Telemarketers,30.67,28.91,1.9256334,-1.4282491,1.9195,0.05490633,0.6217929124832153,0.6891035437583923,0.16208873689174652,0.03259885311126709,0.1635979413986206,3313.0,41-9041,-0.05597054548352779,0.1350785414063401,1.9168653
41-9091,0.2562,False,0.4173,False,Door-to-Door Sales Workers; News and Street Vendors; and Related Workers,34.97,29.39,1.5114576,0.04747584,1.4347999,0.083710976,0.6226226091384888,0.7844094038009644,0.06756756454706192,0.03978978842496872,0.14527027308940887,7992.0,41-9091,0.05582403700418883,0.0672548750609296,1.4999357
43-1011,0.2364,False,0.4224,False,First-Line Supervisors of Office and Administrative Support Workers,63.38,60.59,1.1342825,0.6262324,4.584,0.07260891,0.6775205731391907,0.7812979221343994,0.0861544981598854,0.04616586118936539,0.11742402613162994,70420.0,43-1011,-0.4360721259417635,0.1325191577706645,1.1202528
43-2011,0.2492,False,0.4151,False,Switchboard Operators; Including Answering Service,34.59,30.15,1.2444209,-0.53940326,2.892,0.04912905,0.8373751640319824,0.7097004055976868,0.17047075927257538,0.028530670329928398,0.09415121376514435,1402.0,43-2011,-0.11807864686559189,0.039101655068495174,1.2311236
43-2021,0.26,False,0.4169,False,Telephone Operators,39.37,37.63,1.4116869,-0.8204122,1.8514,0.051600844,0.7531512379646301,0.6643907427787781,0.1806722730398178,0.029936974868178368,0.16701680421829224,1904.0,43-2021,0.15022835110492785,0.0621361077895777,1.3995017
43-3011,0.2492,False,0.415,False,Bill and Account Collectors,41.28,37.7,1.2701757,0.7641455,3.3798,0.06852971,0.7315934300422668,0.6980769038200378,0.16717033088207245,0.026648351922631264,0.16249999403953552,7280.0,43-3011,-0.11807864686559189,0.03782196325065666,1.2570496
43-3021,0.2487,False,0.414,False,Billing and Posting Clerks,42.75,38.33,1.1357051,1.0296904,3.1113,0.06592484,0.889506459236145,0.7705276608467102,0.08726100623607635,0.05183785408735275,0.13009485602378845,26988.0,43-3021,-0.13050026714200486,0.025025045072277246,1.121685
43-3031,0.2541,False,0.4221,False,Bookkeeping; Accounting; and Auditing Clerks,45.14,45.56,0.81811213,0.7600526,3.3738,0.049796756,0.8799303770065308,0.8215851187705994,0.05224781110882759,0.05135859549045563,0.09735648334026337,78721.0,43-3031,0.0036532318432546808,0.1286800823171504,0.80198044
43-3041,0.2478,False,0.4245,False,Gambling Cage Workers,30.77,29.36,0.49553338,-0.52706856,1.9858999,0.046131883,,,,,,,,-0.15285918363954845,0.15939268594526113,0.47725692
43-3051,0.2372,False,0.4059,False,Payroll and Timekeeping Clerks,49.56,47.61,1.1554853,0.782409,3.5173,0.05519567,0.8842015266418457,0.7733035087585449,0.08085650205612183,0.04889741167426109,0.12453392893075943,9387.0,43-3051,-0.4161975334995029,-0.07862999217259589,1.1415967
43-3061,0.2507,False,0.421,False,Procurement Clerks,44.93,45.15,1.5899148,0.72369164,4.7152,0.06867829,0.572357714176178,0.7597560882568359,0.0833333358168602,0.07113821059465408,0.09268292784690857,2460.0,43-3061,-0.08081378603635371,0.11460347232093317,1.5789146
43-3071,0.2478,False,0.4219,False,Tellers,34.93,36.31,0.43106845,-0.057327174,2.6844,0.048472464,0.8718064427375793,0.7753787040710449,0.06822292506694794,0.05279222130775452,0.15001130104064941,17692.0,43-3071,-0.15285918363954845,0.12612069868147477,0.41236338
43-4011,0.2615,False,0.4224,False,Brokerage Clerks,57.71,54.0,1.0263841,0.737874,4.3089,0.05490811,,,,,,,,0.18749321193416674,0.1325191577706645,1.0116371
43-4021,0.2477,False,0.4175,False,Correspondence Clerks,41.71,37.92,1.1841806,0.7082393,3.2555,0.06357676,,,,,,,,-0.15534350769483077,0.06981425869660521,1.1704828
43-4031,0.2455,False,0.4168,False,Court; Municipal; and License Clerks,44.87,44.61,1.3361996,0.2678987,3.4562335,0.05469966,0.7952880859375,0.7596515417098999,0.10908731073141098,0.033062759786844254,0.12254998832941055,5051.0,43-4031,-0.20999863691104792,0.0608564159717399,1.3235126
43-4041,0.2569,False,0.4223,False,Credit Authorizers; Checkers; and Clerks,44.54,44.71,1.5455496,0.56558084,3.9003,0.05604875,0.7505422830581665,0.7921909093856812,0.08546637743711472,0.0429501086473465,0.12798264622688293,2305.0,43-4041,0.0732143053911678,0.13123946595282668,1.5342544
43-4051,0.2373,True,0.034,True,Customer Service Representatives,39.07,36.92,1.0758938,0.415471,4.3912,0.06665498,0.6722906827926636,0.6998680830001831,0.13533678650856018,0.04621055722236633,0.16322974860668182,158427.0,43-4051,-0.41371320944421985,-4.837803862711897,1.061476
43-4061,0.2454,False,0.4135,False,Eligibility Interviewers; Government Programs,48.57,47.42,1.4166533,0.31333184,4.3912,0.06516597,0.8048936128616333,0.6029787063598633,0.17191489040851593,0.07085106521844864,0.2080851048231125,4700.0,43-4061,-0.21248296096633024,0.01862658598308754,1.4045011
43-4071,0.2413,False,0.4335,False,File Clerks,36.82,36.36,0.2403003,0.5374383,4.0538,0.08164232,0.7598384022712708,0.7225858569145203,0.10804040729999542,0.06585858762264252,0.1403636336326599,12375.0,43-4071,-0.31434024723291687,0.2745649495506759,0.22032686
43-4081,0.2537,False,0.4194,False,Hotel; Motel; and Resort Desk Clerks,28.04,28.08,0.71060026,0.070966534,2.5993,0.06449073,0.6786261200904846,0.6560265421867371,0.12180797010660172,0.08733401447534561,0.1588355451822281,7832.0,43-4081,-0.006284064377875961,0.09412840323552624,0.6937538
43-4111,0.2393,False,0.4297,False,Interviewers; Except Eligibility and Loan,38.84,37.22,1.4486096,0.20568721,2.8375,0.06072353,0.7407100796699524,0.6948123574256897,0.14744296669960022,0.036239881068468094,0.14477556943893433,10872.0,43-4111,-0.36402672833856803,0.2259366604728345,1.4366698
43-4121,0.2554,False,0.418,False,Library Assistants; Clerical,32.49,29.45,0.27622578,-0.1322406,2.85,0.05291039,0.8269400000572205,0.7763803005218506,0.07772607356309891,0.058734748512506485,0.10225129127502441,7951.0,43-4121,0.035949444561928924,0.07621271778579491,0.25649118
43-4131,0.2605,False,0.4271,False,Loan Interviewers and Clerks,44.91,45.94,1.2742131,1.018876,3.8543,0.058829,0.7947585582733154,0.7854829430580139,0.08539458364248276,0.052267372608184814,0.11101295799016953,6792.0,43-4131,0.16264997138134082,0.19266467320904745,1.2611139
43-4141,0.2499,False,0.4227,False,New Accounts Clerks,41.25,37.84,1.2009693,0.3843769,2.5867,0.056089986,0.7546468377113342,0.74349445104599,0.07930607348680496,0.06319702416658401,0.18091697990894318,807.0,43-4141,-0.10068837847861362,0.1363582332241786,1.1873832
43-4151,0.2468,False,0.414,False,Order Clerks,41.82,37.92,0.761112,0.5277651,3.1599,0.05165083,,,,,,,,-0.17770242419237436,0.025025045072277246,0.7446013
43-4161,0.2447,False,0.4143,False,Human Resources Assistants; Except Payroll and Timekeeping,44.84,45.63,1.4807136,0.7759914,4.5025997,0.06432809,0.7932912707328796,0.6883600950241089,0.14076834917068481,0.06307339668273926,0.15108944475650787,3488.0,43-4161,-0.2298732293533085,0.028864120525791355,1.4689873
43-4171,0.2658,False,0.4253,False,Receptionists and Information Clerks,32.91,29.95,1.0329338,0.4573164,2.6479,0.0554968,0.8961893320083618,0.7411417365074158,0.09496895968914032,0.04648515582084656,0.16510701179504395,75551.0,43-4171,0.29431914631131734,0.16963022048796494,1.0182304
43-4181,0.2486,False,0.4253,False,Reservation and Transportation Ticket Agents and Travel Clerks,45.63,39.9,0.42281407,-0.5221337,2.2452,0.05549482,0.5684758424758911,0.6410409212112427,0.15018586814403534,0.0811895877122879,0.15791821479797363,6725.0,43-4181,-0.13298459119728784,0.16963022048796494,0.4040541
43-5011,0.25185,False,0.41705000000000003,False,Cargo and Freight Agents,48.42,46.91,1.2545366,1.2376078,2.9198499,0.06862908,0.322408527135849,0.6585366129875183,0.11814024299383163,0.09908536821603775,0.1768292635679245,1312.0,43-5011,-0.052244059400602935,0.06405564551633511,1.2413065
43-5021,0.252,False,0.4136,False,Couriers and Messengers,34.27,33.05,-0.92240995,-0.87828064,2.4525,0.037598927,0.2528035044670105,0.6579498648643494,0.13810431957244873,0.05304545909166336,0.17397980391979218,21491.0,43-5021,-0.04851757331767947,0.019906277800926048,-0.95011395
43-5031,0.2327,False,0.4158,False,Public Safety Telecommunicators,47.03,46.67,0.7743953,0.56209135,2.5505998,0.052490707,0.6925578713417053,0.8008418083190918,0.09489190578460693,0.014539889059960842,0.10770996659994125,5227.0,43-5031,-0.5279921159872195,0.04805949779336048,0.75797296
43-5032,0.2584,False,0.4215,False,Dispatchers; Except Police; Fire; and Ambulance,46.65,44.05,1.1280453,1.0692977,2.6491,0.064378224,0.518565833568573,0.7525539994239807,0.10216110199689865,0.03290766105055809,0.15825147926807404,10180.0,43-5032,0.11047916622040667,0.12100193141012287,1.1139742
43-5041,0.2451,False,0.4112,False,Meter Readers; Utilities,47.43,45.72,-1.0270052,-0.6233584,2.7088,0.03851255,0.16554810106754303,0.7859805822372437,0.11782252043485641,0.011931394226849079,0.10067114233970642,1341.0,43-5041,-0.21993593313217785,-0.010806325827184694,-1.0554047
43-5051,0.2508,False,0.4161,False,Postal Service Clerks,53.21,52.29,-0.28352302,-1.2953994,2.348,0.04047901,0.5757768154144287,0.6021559834480286,0.21762840449810028,0.11198478192090988,0.08788839727640152,7885.0,43-5051,-0.07832946198107,0.051898573246874594,-0.30697924
43-5052,0.2545,False,0.412,False,Postal Service Mail Carriers,54.37,52.44,-0.96721727,-1.1335069,1.9987,0.03990668,0.40384432673454285,0.7377961874008179,0.12184794247150421,0.06489675492048264,0.10034256428480148,21018.0,43-5052,0.013590528064385323,-0.000568791284481587,-0.9952192
43-5053,0.254,False,0.4125,False,Postal Service Mail Sorters; Processors; and Processing Machine Operators,51.01,48.55,-1.0072484,-1.5862219,1.9981999,0.039062332,0.5446035265922546,0.5366189479827881,0.26294052600860596,0.12114537507295609,0.09939427673816681,3632.0,43-5053,0.0011689077879723654,0.0058296678047081215,-1.0355165
43-5061,0.2458,False,0.4219,False,Production; Planning; and Expediting Clerks,52.22,48.04,0.6614221,0.61931425,3.7662,0.060102735,0.5467554330825806,0.7920132875442505,0.06993898749351501,0.05463116988539696,0.10904049128293991,18030.0,43-5061,-0.20254566474520028,0.12612069868147477,0.6442486
43-5071,0.251,False,0.412,False,Shipping; Receiving; and Inventory Clerks,38.21,36.89,-0.7375154,-0.5646621,2.8316002,0.043554194,0.34290221333503723,0.692328691482544,0.11922679841518402,0.043333131819963455,0.2065606564283371,32954.0,43-5071,-0.07336081387050537,-0.000568791284481587,-0.7639901
43-5111,0.2292,False,0.4115,False,Weighers; Measurers; Checkers; and Samplers; Recordkeeping,39.54,37.61,-0.35288668,0.0036541424,2.3805,0.049438402,0.49366313219070435,0.7373262643814087,0.09771054983139038,0.04783319681882858,0.1735486537218094,4892.0,43-5111,-0.6149434579221101,-0.006967250373671296,-0.37680408
43-6011,0.2536,False,0.4144,False,Executive Secretaries and Executive Administrative Assistants,66.87,62.06,1.1060181,0.6545269,4.489,0.065458104,0.9456790089607239,0.7905133366584778,0.07771280407905579,0.04392462596297264,0.10610786080360413,15390.0,43-6011,-0.008768388433158277,0.030143812343629155,1.0918006
43-6012,0.2434,False,0.4189,False,Legal Secretaries and Administrative Assistants,52.54,47.71,1.1494375,0.48071823,4.189,0.06478639,0.9588683247566223,0.8139281868934631,0.07094667851924896,0.03307943418622017,0.12034820765256882,4595.0,43-6012,-0.26216944207198206,0.08772994414633653,1.1355087
43-6013,0.2478,False,0.4164,False,Medical Secretaries and Administrative Assistants,39.74,37.45,1.2978001,0.39354727,3.0825,0.05810925,0.9472865462303162,0.7835051417350769,0.09686831384897232,0.03948648273944855,0.11067885905504227,5141.0,43-6013,-0.15285918363954845,0.05573764870038799,1.2848576
43-6014,0.2533,False,0.4156,False,Secretaries and Administrative Assistants; Except Legal; Medical; and Executive,41.08,37.88,1.2542477,0.26402572,3.3798,0.055561926,0.9459362030029297,0.8263696432113647,0.06592414528131485,0.03146297484636307,0.10781457275152206,166100.0,43-6014,-0.016221360599005225,0.04550011415768488,1.2410157
43-9021,0.2242,False,0.4046,False,Data Entry Keyers,35.94,35.63,0.1723307,0.2936253,2.9378,0.05165517,0.769793689250946,0.7255818843841553,0.10834434628486633,0.06850289553403854,0.14071552455425262,19678.0,43-9021,-0.7391596606862391,-0.09526598580448871,0.15190534
43-9022,0.2508,False,0.4143,False,Word Processors and Typists,43.37,44.03,0.50723815,0.52589875,2.9788,0.05245524,0.8520906567573547,0.7354698181152344,0.1188015565276146,0.07253247499465942,0.1334976702928543,10547.0,43-9022,-0.07832946198107,0.028864120525791355,0.4890395
43-9031,0.3147,False,0.3552,False,Desktop Publishers,50.93,46.91,-0.06504546,1.8387043,5.0687,0.07114756,,,,,,,,1.5091536093445035,-0.7274337438164313,-0.087049074
43-9041,0.2399,False,0.414,False,Insurance Claims and Policy Processing Clerks,45.79,45.52,1.2571632,0.5369916,3.2332,0.05489384,0.8104509711265564,0.7517315745353699,0.1266738474369049,0.03570878878235817,0.12513467669487,12994.0,43-9041,-0.34912078400687274,0.025025045072277246,1.2439506
43-9051,0.2545,False,0.4119,False,Mail Clerks and Mail Machine Operators; Except Postal Service,34.39,32.55,-0.7109466,-1.0309304,1.7312,0.044031043,0.5164422988891602,0.6550430655479431,0.182079017162323,0.06025160104036331,0.1381593495607376,4531.0,43-9051,0.013590528064385323,-0.0018484831023193866,-0.73724467
43-9061,0.2522,False,0.4177,False,Office Clerks; General,38.99,37.03,0.9108539,0.62376964,3.4469001,0.057204753,0.8233650922775269,0.72995525598526,0.09790442883968353,0.06491326540708542,0.14750611782073975,86993.0,43-9061,-0.043548925207114834,0.07237364233228151,0.89533883
43-9071,0.2678,False,0.4,False,Office Machine Operators; Except Computer,37.11,36.63,-0.5773576,-0.55326986,2.9617999,0.04315169,0.5997397899627686,0.6396357417106628,0.14570684731006622,0.08109280467033386,0.17736339569091797,2306.0,43-9071,0.34400562741696916,-0.15413180942503388,-0.6027674
43-9081,0.2603,False,0.4187,False,Proofreaders and Copy Markers,46.01,43.94,1.4361925,0.64197236,4.891,0.04682677,0.7620164155960083,0.862837016582489,0.05861664563417435,0.032825320959091187,0.04923798516392708,853.0,43-9081,0.1576813232707748,0.08517056051066094,1.4241703
43-9111,0.208,False,0.4397,False,Statistical Assistants,53.42,48.16,1.0529578,1.7911009,6.6608,0.07069715,0.5438879728317261,0.7210554480552673,0.088314488530159,0.09639202803373337,0.10446957498788834,1857.0,43-9111,-1.141620157642019,0.35390584225662797,1.0383874
45-1011,0.2477,False,0.4233,False,First-Line Supervisors of Farming; Fishing; and Forestry Workers,54.45,48.64,-0.5575955,-0.26061147,3.570375,0.04114916,0.1603858917951584,0.7648477554321289,0.03195658698678017,0.01326499879360199,0.28941816091537476,3317.0,45-1011,-0.15534350769483077,0.14403638413120612,-0.58287394
45-2011,0.2446,False,0.418,False,Agricultural Inspectors,47.43,45.14,-0.008112139,0.5068775,3.1029,0.049075898,0.3845303952693939,0.781215488910675,0.09060773253440857,0.036464087665081024,0.1325966864824295,905.0,45-2011,-0.23235755340859082,0.07621271778579491,-0.029737217
45-2021,0.2515,False,0.4156,False,Animal Breeders,43.27,40.09,-0.94111085,-1.0724647,2.3153,0.04370916,,,,,,,,-0.060939193594092424,0.04550011415768488,-0.9689392
45-2041,0.2538,False,0.4121,False,Graders and Sorters; Agricultural Products,30.4,29.63,-1.0323795,-2.188827,1.5543001,0.048247974,0.6700942516326904,0.5358468890190125,0.07997714728116989,0.03684661537408829,0.5901170969009399,3501.0,45-2041,-0.003799740322592266,0.000710900533356923,-1.0608147
45-2091,0.2524,False,0.4146,False,Agricultural Equipment Operators,36.28,36.36,-1.2399688,-0.85470337,1.7709,0.026583247,,,,,,,,-0.03858027709654882,0.03270319597930547,-1.2697842
45-2092,0.2539,False,0.4123,False,Farmworkers and Laborers; Crop; Nursery; and Greenhouse,31.44,29.63,-1.43235,-1.590792,1.6607001,0.03572388,,,,,,,,-0.0013154162673099505,0.0032702841690325224,-1.4634446
45-2093,0.2485,False,0.4206,False,Farmworkers; Farm; Ranch; and Aquacultural Animals,32.15,29.63,-1.0889765,-0.89846426,2.9699001,0.039814632,,,,,,,,-0.13546891525257015,0.10948470504958126,-1.1177881
45-3031,0.2591,False,0.4069,False,Fishing and Hunting Workers,,,-1.4427736,-0.88411,2.2684,0.036503054,0.08296806365251541,0.7529743313789368,0.02410770207643509,0.05072009935975075,0.05197244882583618,3194.0,45-3031,0.12786943460738426,-0.06583307399421646,-1.4739374
45-4011,0.2534,False,0.4133,False,Forest and Conservation Workers,33.69,30.55,-0.99995214,-0.90011543,4.9598002,0.03933872,0.18265540897846222,0.7812739610671997,0.04144282266497612,0.01841903291642666,0.17881810665130615,1303.0,45-4011,-0.013737036543722908,0.01606720234741194,-1.0281717
45-4021,0.2544,False,0.4117,False,Fallers,53.76,47.7,-1.7914239,-1.4988147,1.4418,0.026500361,0.03215434029698372,0.8550581336021423,0.055651742964982986,0.00667820917442441,0.05540440231561661,4043.0,45-4020,0.011106204009103006,-0.004407866737994986,-1.8249059
45-4022,0.252,False,0.4153,False,Logging Equipment Operators,43.96,46.4,-1.355217,0.0052304794,1.4547,0.034292262,0.03215434029698372,0.8550581336021423,0.055651742964982986,0.00667820917442441,0.05540440231561661,4043.0,45-4020,-0.04851757331767947,0.041661038704170775,-1.3857987
45-4023,0.2367,False,0.4288,False,Log Graders and Scalers,41.52,37.82,-0.7029777,0.11088481,2.2897,0.04860193,0.03215434029698372,0.8550581336021423,0.055651742964982986,0.00667820917442441,0.05540440231561661,4043.0,45-4020,-0.4286191537759158,0.2144194341122929,-0.7292228
47-1011,0.24935000000000002,False,0.4209,False,First-Line Supervisors of Construction Trades and Extraction Workers,75.06,72.01,-0.3598737,-0.012417945,3.254,0.049081285,0.03731902316212654,0.8406448364257812,0.03992942348122597,0.011408406309783459,0.16247311234474182,41373.0,47-1011,-0.11435216078266773,0.11332378050309537,-0.38383758
47-2011,0.25,False,0.4182,False,Boilermakers,69.07,64.29,-1.1215839,-0.8259925,2.0196,0.03473191,0.015301530249416828,0.8271827101707458,0.0648064836859703,0.009000900201499462,0.1296129673719406,1111.0,47-2011,-0.0982040544233313,0.07877210142147123,-1.1506122
47-2021,0.2535,False,0.413,False,Brickmasons and Blockmasons,61.43,59.34,-1.6069378,-1.5274882,2.2139,0.03617723,,,,,,,,-0.011252712488440592,0.01222812689389783,-1.639193
47-2022,0.2548,False,0.4108,False,Stonemasons,50.17,47.61,-1.483119,-1.65309,1.9143001,0.039723255,,,,,,,,0.021043500230233648,-0.015925093098536604,-1.514551
47-2031,0.255,False,0.4111,False,Carpenters,55.19,48.26,-1.2452533,-1.1399198,2.54135,0.040216677,0.02383744716644287,0.7757139801979065,0.04672198370099068,0.015334545634686947,0.2294464260339737,68212.0,47-2031,0.02601214834079828,-0.012086017645022493,-1.2751039
47-2041,0.2545,False,0.4118,False,Carpet Installers,48.71,46.64,-1.4143553,-1.4347229,1.9328,0.03391287,0.033309608697891235,0.7167260050773621,0.04455516114830971,0.016085408627986908,0.35316726565361023,7025.0,47-2040,0.013590528064385323,-0.003128174920157186,-1.4453301
47-2042,0.251,False,0.4153,False,Floor Layers; Except Carpet; Wood; and Hard Tiles,53.88,48.06,-1.049115,-1.3982075,1.9936999,0.04265807,0.033309608697891235,0.7167260050773621,0.04455516114830971,0.016085408627986908,0.35316726565361023,7025.0,47-2040,-0.07336081387050537,0.041661038704170775,-1.0776614
47-2043,0.2568,False,0.4091,False,Floor Sanders and Finishers,44.38,39.14,-1.5743581,-1.8277874,1.8644,0.03315923,0.033309608697891235,0.7167260050773621,0.04455516114830971,0.016085408627986908,0.35316726565361023,7025.0,47-2040,0.0707299813358841,-0.03767985400178133,-1.6063968
47-2044,0.272,False,0.3942,False,Tile and Stone Setters,53.33,47.81,-1.1962712,-0.85048187,1.6621001,0.04624028,0.033309608697891235,0.7167260050773621,0.04455516114830971,0.016085408627986908,0.35316726565361023,7025.0,47-2040,0.44834723773883883,-0.2283539348596348,-1.2257961
47-2051,0.2535,False,0.4133,False,Cement Masons and Concrete Finishers,50.9,47.34,-1.677608,-1.5296913,1.6279,0.031814918,0.015353994444012642,0.6826841235160828,0.10833096504211426,0.005117998458445072,0.3096388876438141,3517.0,47-2050,-0.011252712488440592,0.01606720234741194,-1.7103332
47-2053,0.2545,False,0.4118,False,Terrazzo Workers and Finishers,58.38,48.68,-1.6849624,-1.5359172,2.081,0.031256426,0.015353994444012642,0.6826841235160828,0.10833096504211426,0.005117998458445072,0.3096388876438141,3517.0,47-2050,0.013590528064385323,-0.003128174920157186,-1.7177365
47-2061,0.2508,False,0.4176,False,Construction Laborers,44.13,37.77,-1.4049811,-1.7304146,1.8929,0.03476271,0.04215407744050026,0.6856269240379333,0.07698953151702881,0.02076423540711403,0.31541576981544495,100702.0,47-2061,-0.07832946198107,0.07109395051444371,-1.4358937
47-2071,0.253,False,0.4135,False,Paving; Surfacing; and Tamping Equipment Operators,50.59,46.96,-1.3031232,-0.80295557,1.8336,0.027993787,0.025120694190263748,0.8365927338600159,0.05249161273241043,0.008018983528017998,0.11578430235385895,24442.0,47-2070,-0.02367433276485355,0.01862658598308754,-1.3333585
47-2072,0.2533,False,0.4129,False,Pile Driver Operators,75.95,76.26,-1.4548916,-0.45579427,2.1814,0.023520702,0.025120694190263748,0.8365927338600159,0.05249161273241043,0.008018983528017998,0.11578430235385895,24442.0,47-2070,-0.016221360599005225,0.010948435076060031,-1.486136
47-2073,0.2522,False,0.4147,False,Operating Engineers and Other Construction Equipment Operators,56.28,48.36,-1.1737669,-0.07018812,2.0827,0.030639745,0.025120694190263748,0.8365927338600159,0.05249161273241043,0.008018983528017998,0.11578430235385895,24442.0,47-2070,-0.043548925207114834,0.033982887797143264,-1.2031422
47-2081,0.2545,False,0.4118,False,Drywall and Ceiling Tile Installers,54.81,48.04,-1.4960862,-1.4667665,2.1601,0.033914737,0.029307805001735687,0.6396170854568481,0.04403534531593323,0.00868924893438816,0.47393226623535156,6790.0,47-2080,0.013590528064385323,-0.003128174920157186,-1.5276046
47-2082,0.253,False,0.4142,False,Tapers,65.14,61.08,-1.3446031,-1.5051669,1.9629,0.034808956,0.029307805001735687,0.6396170854568481,0.04403534531593323,0.00868924893438816,0.47393226623535156,6790.0,47-2080,-0.02367433276485355,0.027584428707953555,-1.3751142
47-2111,0.2541,False,0.4119,False,Electricians,63.31,60.04,-0.9164291,-0.16431227,3.0099,0.039120916,0.024124257266521454,0.8154329061508179,0.05469266325235367,0.019848810508847237,0.14997108280658722,48416.0,47-2111,0.0036532318432546808,-0.0018484831023193866,-0.94409335
47-2121,0.2548,False,0.4112,False,Glaziers,51.95,47.18,-1.2670382,-1.279049,1.9486,0.03571595,0.031578946858644485,0.7855263352394104,0.05964912101626396,0.0135964909568429,0.20438596606254578,2280.0,47-2121,0.021043500230233648,-0.010806325827184694,-1.2970337
47-2131,0.2545,False,0.4119,False,Insulation Workers; Floor; Ceiling; and Wall,44.81,39.88,-1.5096816,-1.4061079,1.7305,0.037469734,0.048187240958213806,0.7021569609642029,0.06195502355694771,0.016521340236067772,0.3345571458339691,2179.0,47-2130,0.013590528064385323,-0.0018484831023193866,-1.5412903
47-2132,0.2544,False,0.4118,False,Insulation Workers; Mechanical,56.26,48.26,-1.079884,-1.4193828,1.8278,0.042820055,0.048187240958213806,0.7021569609642029,0.06195502355694771,0.016521340236067772,0.3345571458339691,2179.0,47-2130,0.011106204009103006,-0.003128174920157186,-1.1086351
47-2141,0.2532,False,0.4141,False,Painters; Construction and Maintenance,47.14,45.59,-1.3806825,-1.5808872,2.4603,0.03304452,0.10382217168807983,0.695208728313446,0.059704527258872986,0.016772838309407234,0.3461304008960724,29512.0,47-2140,-0.01870568465428892,0.026304736890115758,-1.4114335
47-2142,0.2545,False,0.4117,False,Paperhangers,51.56,47.61,-1.5657796,-1.527853,2.1627,0.034012463,0.10382217168807983,0.695208728313446,0.059704527258872986,0.016772838309407234,0.3461304008960724,29512.0,47-2140,0.013590528064385323,-0.004407866737994986,-1.5977613
47-2151,0.2543,False,0.4124,False,Pipelayers,48.51,45.98,-1.1809896,-1.0494698,2.0993,0.037590835,0.01658853143453598,0.7392715215682983,0.07645149528980255,0.010097367689013481,0.2531554400920868,2773.0,47-2151,0.008621879953820692,0.004549975986870322,-1.210413
47-2152,0.2616,False,0.4018,False,Plumbers; Pipefitters; and Steamfitters,63.35,59.88,-0.9953629,-0.67334163,2.884325,0.041930843,0.018985258415341377,0.8002434968948364,0.056791260838508606,0.016122663393616676,0.17616477608680725,30392.0,47-2152,0.18997753598944905,-0.13109735670395137,-1.023552
47-2161,0.2561,False,0.4127,False,Plasterers and Stucco Masons,54.81,48.34,-1.5779067,-1.6306447,1.3893,0.038594086,0.01392301358282566,0.6093366146087646,0.05978706106543541,0.009828009642660618,0.5135135054588318,1221.0,47-2161,0.05333971294890651,0.008389051440384432,-1.609969
47-2171,0.2545,False,0.4118,False,Reinforcing Iron and Rebar Workers,58.96,48.83,-1.7812417,-1.9685,1.9302,0.032060552,,,,,,,,0.013590528064385323,-0.003128174920157186,-1.8146559
47-2181,0.2545,False,0.4118,False,Roofers,48.89,47.11,-1.5534391,-1.7791665,2.5859,0.03287453,0.017516929656267166,0.6681715846061707,0.06690745055675507,0.010203160345554352,0.39124152064323425,11075.0,47-2181,0.013590528064385323,-0.003128174920157186,-1.5853387
47-2211,0.2523,False,0.4164,False,Sheet Metal Workers,58.76,53.44,-1.2447112,-0.7386251,2.1934,0.03775044,0.04844098165631294,0.8233574628829956,0.049136970192193985,0.023942094296216965,0.1436525583267212,7184.0,47-2211,-0.04106460115183114,0.05573764870038799,-1.2745582
47-2221,0.2544,False,0.4119,False,Structural Iron and Steel Workers,61.27,58.55,-1.7009566,-1.4744704,2.1072001,0.02933902,0.02200488932430744,0.788101077079773,0.06519967317581177,0.016028253361582756,0.16028253734111786,3681.0,47-2221,0.011106204009103006,-0.0018484831023193866,-1.733837
47-2231,0.2544,False,0.4118,False,Solar Photovoltaic Installers,50.71,47.67,-1.0369817,-0.2922762,2.5595,0.04310217,0.04005168005824089,0.6279069781303406,0.11240310221910477,0.032299742102622986,0.2971576154232025,774.0,47-2231,0.011106204009103006,-0.003128174920157186,-1.0654476
47-3011,0.2541,False,0.4126,False,Helpers--Brickmasons; Blockmasons; Stonemasons; and Tile and Marble Setters,43.37,37.87,-1.82175,-1.7280034,2.3722,0.028248841,0.07198142260313034,0.6776315569877625,0.09287925809621811,0.02244582027196884,0.2995356023311615,2584.0,47-3010,0.0036532318432546808,0.007109359622546631,-1.8554336
47-3012,0.2545,False,0.4118,False,Helpers--Carpenters,37.34,36.69,-1.3701649,-1.1628258,2.1367,0.040787976,0.07198142260313034,0.6776315569877625,0.09287925809621811,0.02244582027196884,0.2995356023311615,2584.0,47-3010,0.013590528064385323,-0.003128174920157186,-1.400846
47-3013,0.2492,False,0.4157,False,Helpers--Electricians,36.72,36.36,-1.445099,-1.0276163,2.0353,0.036565796,0.07198142260313034,0.6776315569877625,0.09287925809621811,0.02244582027196884,0.2995356023311615,2584.0,47-3010,-0.11807864686559189,0.046779805975522684,-1.4762783
47-3014,0.2519,False,0.4135,False,Helpers--Painters; Paperhangers; Plasterers; and Stucco Masons,35.27,33.37,-1.7111204,-2.1377246,1.4062,0.035126567,0.07198142260313034,0.6776315569877625,0.09287925809621811,0.02244582027196884,0.2995356023311615,2584.0,47-3010,-0.051001897372961784,0.01862658598308754,-1.7440684
47-3015,0.2725,False,0.3922,False,Helpers--Pipelayers; Plumbers; Pipefitters; and Steamfitters,36.35,35.72,-1.461957,-1.7094803,2.9771,0.040245164,0.07198142260313034,0.6776315569877625,0.09287925809621811,0.02244582027196884,0.2995356023311615,2584.0,47-3010,0.4607688580152518,-0.2539477712163936,-1.4932483
47-3016,0.2766,False,0.3954,False,Helpers--Roofers,36.0,36.36,-1.6678809,-1.9635254,3.432,0.029824516,0.07198142260313034,0.6776315569877625,0.09287925809621811,0.02244582027196884,0.2995356023311615,2584.0,47-3010,0.5626261442818378,-0.21299763304557975,-1.7005414
47-4011,0.241,False,0.42615000000000003,False,Construction and Building Inspectors,68.48,61.64,0.49635157,1.0966344,4.79175,0.062078495,0.10590631514787674,0.8278239369392395,0.051543161273002625,0.032586559653282166,0.09854300320148468,6383.0,47-4011,-0.32179321939876454,0.18050760093958765,0.47808054
47-4021,0.2528,False,0.4131,False,Elevator and Escalator Installers and Repairers,91.32,97.86,-0.9278526,-0.34768656,3.5014,0.04405083,0.019674355164170265,0.8297150731086731,0.042062416672706604,0.02985074557363987,0.11126187443733215,1474.0,47-4021,-0.02864298087541818,0.01350781871173634,-0.95559275
47-4031,0.2543,False,0.4121,False,Fence Erectors,41.14,37.7,-1.6752882,-1.9838822,2.1573,0.025144886,0.025119617581367493,0.7224880456924438,0.05980861186981201,0.007177033461630344,0.2655502259731293,1672.0,47-4031,0.008621879953820692,0.000710900533356923,-1.7079979
47-4041,0.2473,False,0.415,False,Hazardous Materials Removal Workers,49.28,46.3,-0.7441202,-0.36807135,2.8184001,0.04647691,0.21405544877052307,0.6518375277519226,0.1476466804742813,0.023855576291680336,0.24435847997665405,1551.0,47-4041,-0.1652808039159614,0.03782196325065666,-0.77063876
47-4051,0.2497,False,0.4162,False,Highway Maintenance Workers,44.34,45.88,-1.2815719,-1.1710325,2.1143,0.031723242,0.029597973451018333,0.8523266911506653,0.0652105063199997,0.004115226212888956,0.08610320091247559,6318.0,47-4051,-0.10565702658917893,0.05317826506471239,-1.3116639
47-4061,0.2515,False,0.4177,False,Rail-Track Laying and Maintenance Equipment Operators,60.77,61.69,-1.4968247,-0.81636614,1.9022,0.02828055,0.019685039296746254,0.7185039520263672,0.12007874250411987,0.013779527507722378,0.15748031437397003,508.0,47-4061,-0.060939193594092424,0.07237364233228151,-1.528348
47-4071,0.2545,False,0.4147,False,Septic Tank Servicers and Sewer Pipe Cleaners,45.39,44.81,-1.2604095,-0.9217188,1.8571,0.028732114,,,,,,,,0.013590528064385323,0.033982887797143264,-1.2903608
47-4091,0.2543,False,0.4123,False,Segmental Pavers,,,-0.9494181,-0.83321935,2.3238,0.04215237,,,,,,,,0.008621879953820692,0.0032702841690325224,-0.9773017
47-4099,0.2521,False,0.4136,False,Weatherization Installers and Technicians,,,-0.8711121,-0.5883142,3.2342,0.042276077,,,,,,,,-0.04603324926239715,0.019906277800926048,-0.89847505
47-5011,0.2532,False,0.413,False,Derrick Operators; Oil and Gas,52.14,47.23,-1.3905684,-1.35991,1.4718001,0.024134446,,,,,,,,-0.01870568465428892,0.01222812689389783,-1.4213852
47-5012,0.2534,False,0.4129,False,Rotary Drill Operators; Oil and Gas,61.84,56.38,-0.8803922,-0.517669,2.5789,0.037826084,,,,,,,,-0.013737036543722908,0.010948435076060031,-0.9078168
47-5013,0.2524,False,0.4148,False,Service Unit Operators; Oil and Gas,55.66,48.41,-1.0682006,-0.75848603,1.63,0.033678215,,,,,,,,-0.03858027709654882,0.03526257961498106,-1.096874
47-5022,0.2527,False,0.4139,False,Excavating and Loading Machine and Dragline Operators; Surface Mining,49.85,46.74,-1.3642422,-0.4856675,1.8254,0.026372382,0.019607843831181526,0.8680057525634766,0.04160688817501068,0.0028694404754787683,0.12147297710180283,2091.0,47-5020,-0.031127304930701875,0.023745353254439446,-1.3948839
47-5023,0.2513,False,0.4154,False,Earth Drillers; Except Oil and Gas,53.6,48.25,-0.9993442,0.025552128,1.9706,0.034349818,0.019607843831181526,0.8680057525634766,0.04160688817501068,0.0028694404754787683,0.12147297710180283,2091.0,47-5020,-0.06590784170465705,0.04294073052200857,-1.0275598
47-5032,0.2443,False,0.4291,False,Explosives Workers; Ordnance Handling Experts; and Blasters,57.07,53.04,-0.9770419,-0.07194337,2.21445,0.037715707,0.0784313753247261,0.7450980544090271,0.12156862765550613,0.02450980432331562,0.1617647111415863,1020.0,47-5032,-0.23981052557443916,0.2182585095658063,-1.0051092
47-5041,0.2496,False,0.4204,False,Continuous Mining Machine Operators,57.43,60.3,-1.3552288,-0.600429,2.1594,0.031272776,0.024612272158265114,0.8803101778030396,0.028320971876382828,0.007417397107928991,0.11766689270734787,2966.0,47-5040,-0.10814135064446194,0.10692532141390565,-1.3858106
47-5043,0.2505,False,0.4153,False,Roof Bolters; Mining,59.17,59.77,-1.5928651,-1.4299237,1.8671,0.025530718,0.024612272158265114,0.8803101778030396,0.028320971876382828,0.007417397107928991,0.11766689270734787,2966.0,47-5040,-0.08578243414691834,0.041661038704170775,-1.6250268
47-5044,0.252,False,0.415,False,Loading and Moving Machine Operators; Underground Mining,57.33,57.9,-1.4438946,-0.769014,1.7854,0.025181621,0.024612272158265114,0.8803101778030396,0.028320971876382828,0.007417397107928991,0.11766689270734787,2966.0,47-5040,-0.04851757331767947,0.03782196325065666,-1.475066
47-5051,0.2541,False,0.4122,False,Rock Splitters; Quarry,41.63,37.7,-1.6142615,-1.7375456,3.023,0.03320501,,,,,,,,0.0036532318432546808,0.0019905923511947224,-1.6465656
47-5071,0.2522,False,0.4144,False,Roustabouts; Oil and Gas,44.73,38.92,-1.5003057,-1.2907827,1.7165,0.031550847,,,,,,,,-0.043548925207114834,0.030143812343629155,-1.531852
47-5081,0.2534,False,0.4129,False,Helpers--Extraction Workers,40.86,37.76,-1.572339,-1.1760563,2.0686,0.03063241,,,,,,,,-0.013737036543722908,0.010948435076060031,-1.6043644
49-1011,0.2532,False,0.4123,False,First-Line Supervisors of Mechanics; Installers; and Repairers,73.59,71.26,-0.114277974,0.060224522,3.4345,0.048957385,0.06755011528730392,0.8400271534919739,0.05891947075724602,0.018960244953632355,0.1057424396276474,14715.0,49-1011,-0.01870568465428892,0.0032702841690325224,-0.13660893
49-2011,0.2334,False,0.4562,False,Computer; Automated Teller; and Office Machine Repairers,44.17,40.97,-0.45409736,0.15313251,3.4643,0.049309134,0.11057530343532562,0.749355137348175,0.08186610043048859,0.06639004498720169,0.12145340442657471,8917.0,49-2011,-0.5106018476002412,0.5650549921998883,-0.4786877
49-2021,0.2493,False,0.4175,False,Radio; Cellular; and Tower Equipment Installers and Repairers,62.5,60.36,-0.7432581,-0.12421157,3.36695,0.039746128,0.09278688579797745,0.760874330997467,0.09551912546157837,0.045683059841394424,0.1312568336725235,9150.0,49-2020,-0.11559432281030957,0.06981425869660521,-0.769771
49-2022,0.2511,False,0.4218,False,Telecommunications Equipment Installers and Repairers; Except Line Installers,60.35,60.37,-0.9385692,-0.29886222,3.3521,0.037763532,0.09278688579797745,0.760874330997467,0.09551912546157837,0.045683059841394424,0.1312568336725235,9150.0,49-2020,-0.07087648981522307,0.12484100686363699,-0.96638066
49-2091,0.2355,False,0.4119,False,Avionics Technicians,69.86,69.28,-0.26355132,0.17280865,3.3662,0.04415551,0.09436722844839096,0.7307973504066467,0.0863204076886177,0.06144842877984047,0.17117775976657867,1367.0,49-2091,-0.45843104243930705,-0.0018484831023193866,-0.28687477
49-2092,0.253,False,0.413,False,Electric Motor; Power Tool; and Related Repairers,48.74,46.91,-0.9800403,-0.30851904,3.132,0.040924855,0.04985954985022545,0.783707857131958,0.06179775297641754,0.038623593747615814,0.14817415177822113,1424.0,49-2092,-0.02367433276485355,0.01222812689389783,-1.0081276
49-2093,0.2498,False,0.4144,False,Electrical and Electronics Installers and Repairers; Transportation Equipment,70.65,77.25,-0.910105,-0.384382,3.4833,0.042141348,,,,,,,,-0.10317270253389661,0.030143812343629155,-0.93772715
49-2094,0.2431,False,0.4167,False,Electrical and Electronics Repairers; Commercial and Industrial Equipment,64.23,61.73,-0.70284545,0.24623695,3.9815998,0.047954552,,,,,,,,-0.2696224142378297,0.0595767241539021,-0.7290896
49-2095,0.2437,False,0.4227,False,Electrical and Electronics Repairers; Powerhouse; Substation; and Relay,87.64,93.42,-0.6720283,-0.059829667,3.6599998,0.044508655,,,,,,,,-0.25471646990613445,0.1363582332241786,-0.6980676
49-2096,0.2532,False,0.4137,False,Electronic Equipment Installers and Repairers; Motor Vehicles,43.69,40.67,-0.86957806,-0.3960572,2.6018,0.045471407,,,,,,,,-0.01870568465428892,0.021185969618763848,-0.8969308
49-2097,0.252,False,0.4142,False,Audiovisual Equipment Installers and Repairers,46.12,44.79,-0.7303536,0.048916526,3.9017,0.042850956,0.0590243898332119,0.7424390316009521,0.08536585420370102,0.040487803518772125,0.16439025104045868,2050.0,49-2097,-0.04851757331767947,0.027584428707953555,-0.7567807
49-2098,0.2509,False,0.4142,False,Security and Fire Alarm Systems Installers,52.17,48.32,-0.6848876,-0.454108,2.702,0.04488381,0.03326256200671196,0.7795470356941223,0.06546355038881302,0.03467798978090286,0.18329794704914093,2826.0,49-2098,-0.07584513792578769,0.027584428707953555,-0.71101236
49-3011,0.2426,False,0.4217,False,Aircraft Mechanics and Service Technicians,69.47,65.38,-0.81445175,-0.15386027,3.4473,0.03969074,0.056505221873521805,0.7689458727836609,0.06980057060718536,0.05546058714389801,0.13817663490772247,10530.0,49-3011,-0.28204403451424265,0.12356131504579919,-0.841438
49-3021,0.26,False,0.4045,False,Automotive Body and Related Repairers,50.66,47.27,-1.1991189,-0.7019437,2.1128001,0.041708328,0.024101251736283302,0.8047664165496826,0.046182844787836075,0.01723441481590271,0.1926753669977188,7427.0,49-3021,0.15022835110492785,-0.0965456776223265,-1.2286627
49-3022,0.255,False,0.4112,False,Automotive Glass Installers and Repairers,40.69,37.92,-1.2348981,-0.65950656,1.9223,0.03233409,0.045701850205659866,0.8204570412635803,0.04243743047118187,0.009793253615498543,0.1871599555015564,919.0,49-3022,0.02601214834079828,-0.010806325827184694,-1.2646798
49-3023,0.2523,False,0.4154,False,Automotive Service Technicians and Mechanics,47.99,46.88,-1.0311443,-0.7076737,2.6200001,0.034002967,0.019574785605072975,0.7704232335090637,0.05942501872777939,0.036938101053237915,0.18611373007297516,45671.0,49-3023,-0.04106460115183114,0.04294073052200857,-1.0595713
49-3031,0.2518,False,0.4157,False,Bus and Truck Mechanics and Diesel Engine Specialists,53.02,48.69,-1.0583874,-0.76015824,2.1884,0.03703555,0.015979081392288208,0.8234165906906128,0.053922139108181,0.019930273294448853,0.13381755352020264,17210.0,49-3031,-0.05348622142824409,0.046779805975522684,-1.0869956
49-3041,0.2521,False,0.4139,False,Farm Equipment Mechanics and Service Technicians,47.25,46.91,-1.2386461,-1.02506,2.9235,0.030356353,0.014040447771549225,0.864251434803009,0.037974681705236435,0.014185944572091103,0.11181434243917465,13746.0,49-3040,-0.04603324926239715,0.023745353254439446,-1.2684528
49-3042,0.2521,False,0.415,False,Mobile Heavy Equipment Mechanics; Except Engines,57.28,58.03,-1.2587368,-0.70828885,2.8353,0.035518076,0.014040447771549225,0.864251434803009,0.037974681705236435,0.014185944572091103,0.11181434243917465,13746.0,49-3040,-0.04603324926239715,0.03782196325065666,-1.2886771
49-3043,0.2542,False,0.4125,False,Rail Car Repairers,60.4,60.25,-1.4849796,-1.0477695,2.4048,0.03356068,0.014040447771549225,0.864251434803009,0.037974681705236435,0.014185944572091103,0.11181434243917465,13746.0,49-3040,0.006137555898536997,0.0058296678047081215,-1.5164241
49-3051,0.2532,False,0.4136,False,Motorboat Mechanics and Service Technicians,46.66,46.73,-0.9378443,-0.7135113,2.8377,0.03451046,0.019447287544608116,0.8812692165374756,0.03343568742275238,0.011258956044912338,0.07608325034379959,2931.0,49-3050,-0.01870568465428892,0.019906277800926048,-0.9656509
49-3052,0.2506,False,0.4192,False,Motorcycle Mechanics,41.97,38.17,-0.6656164,-1.0348876,2.9785,0.044927288,0.019447287544608116,0.8812692165374756,0.03343568742275238,0.011258956044912338,0.07608325034379959,2931.0,49-3050,-0.08329811009163603,0.09156901959985064,-0.691613
49-3053,0.2509,False,0.4161,False,Outdoor Power Equipment and Other Small Engine Mechanics,40.36,37.54,-0.9614864,-0.6314365,2.5478,0.0395543,0.019447287544608116,0.8812692165374756,0.03343568742275238,0.011258956044912338,0.07608325034379959,2931.0,49-3050,-0.07584513792578769,0.051898573246874594,-0.9894502
49-3091,0.2539,False,0.4125,False,Bicycle Repairers,34.36,34.69,-0.82260865,-0.8373286,1.8607999,0.046121698,0.026167050004005432,0.7659618854522705,0.07829181849956512,0.018212266266345978,0.1951015293598175,4777.0,49-3090,-0.0013154162673099505,0.0058296678047081215,-0.8496491
49-3092,0.2591,False,0.4225,False,Recreational Vehicle Service Technicians,44.93,43.56,-0.86948824,-0.8190206,2.7839,0.03655474,0.026167050004005432,0.7659618854522705,0.07829181849956512,0.018212266266345978,0.1951015293598175,4777.0,49-3090,0.12786943460738426,0.1337988495885023,-0.8968404
49-3093,0.2512,False,0.4195,False,Tire Repairers and Changers,32.52,29.58,-1.4229627,-1.5620226,2.2628,0.031282175,0.026167050004005432,0.7659618854522705,0.07829181849956512,0.018212266266345978,0.1951015293598175,4777.0,49-3090,-0.06839216575994075,0.09540809505336403,-1.4539948
49-9011,0.2546,False,0.4123,False,Mechanical Door Repairers,45.52,45.06,-1.2819027,-1.1866837,1.9478999,0.035113707,0.05319149047136307,0.8031914830207825,0.08282674849033356,0.018237082287669182,0.12689968943595886,1316.0,49-9010,0.016074852119667637,0.0032702841690325224,-1.3119969
49-9012,0.2475,False,0.4177,False,Control and Valve Installers and Repairers; Except Mechanical Door,67.31,62.76,-0.7805839,-0.38852632,2.7383,0.047292046,0.05319149047136307,0.8031914830207825,0.08282674849033356,0.018237082287669182,0.12689968943595886,1316.0,49-9010,-0.1603121558053961,0.07237364233228151,-0.807345
49-9021,0.2542,False,0.4125,False,Heating; Air Conditioning; and Refrigeration Mechanics and Installers,54.69,48.63,-0.89605916,-0.5521239,3.2566,0.03517204,0.016470905393362045,0.80918949842453,0.05535304546356201,0.0215561855584383,0.16173890233039856,22221.0,49-9021,0.006137555898536997,0.0058296678047081215,-0.923588
49-9031,0.2533,False,0.4135,False,Home Appliance Repairers,45.34,44.32,-0.92816657,-0.89697915,2.2198,0.037687268,0.03437772020697594,0.792428195476532,0.06962576508522034,0.030026109889149666,0.16579633951187134,2298.0,49-9031,-0.016221360599005225,0.01862658598308754,-0.95590883
49-9041,0.2542,False,0.4115,False,Industrial Machinery Mechanics,58.78,59.84,-1.217021,-0.84657615,3.1896,0.034240108,,,,,,,,0.006137555898536997,-0.006967250373671296,-1.2466838
49-9043,0.2534,False,0.4129,False,Maintenance Workers; Machinery,53.57,48.9,-1.015195,-0.72431177,2.9898,0.03738388,0.04716981202363968,0.8283019065856934,0.0735849067568779,0.022012578323483467,0.10000000149011612,1590.0,49-9043,-0.013737036543722908,0.010948435076060031,-1.043516
49-9044,0.2519,False,0.4144,False,Millwrights,61.26,60.33,-1.2839112,-0.9461099,2.5217998,0.03666812,0.01852387934923172,0.9021707773208618,0.029522432014346123,0.008972503244876862,0.045151952654123306,3455.0,49-9044,-0.051001897372961784,0.030143812343629155,-1.3140188
49-9045,0.2539,False,0.4128,False,Refractory Materials Repairers; Except Brickmasons,54.76,54.25,-1.2087579,-1.133563,2.3063,0.034780543,,,,,,,,-0.0013154162673099505,0.00966874325822223,-1.2383658
49-9051,0.2543,False,0.412,False,Electrical Power-Line Installers and Repairers,79.06,78.31,-1.1189839,-0.63974625,2.6026,0.0402226,0.01736059971153736,0.8797999024391174,0.043842870742082596,0.009563042782247066,0.07665146142244339,6797.0,49-9051,0.008621879953820692,-0.000568791284481587,-1.1479949
49-9052,0.2545,False,0.4116,False,Telecommunications Line Installers and Repairers,62.25,60.19,-1.0541426,-0.81912357,2.2836,0.03783206,0.04841258376836777,0.7619594931602478,0.09969832003116608,0.03203562647104263,0.14796724915504456,6961.0,49-9052,0.013590528064385323,-0.005687558555832786,-1.0827225
49-9061,0.3107,False,0.3507,False,Camera and Photographic Equipment Repairers,44.26,38.2,-0.35976997,1.2318264,2.8902001,0.05225848,0.1075211837887764,0.8233580589294434,0.045286018401384354,0.05164194852113724,0.10460805147886276,3776.0,49-9060,1.4097806471331997,-0.7850198756191387,-0.38373315
49-9062,0.2481,False,0.419,False,Medical Equipment Repairers,56.42,49.91,-0.5367757,0.47929627,3.2288,0.04771765,0.1075211837887764,0.8233580589294434,0.045286018401384354,0.05164194852113724,0.10460805147886276,3776.0,49-9060,-0.1454062114737008,0.08900963596417433,-0.5619157
49-9063,0.2708,False,0.4064,False,Musical Instrument Repairers and Tuners,39.74,37.16,-0.58430916,-0.6609262,2.8211,0.04521196,0.1075211837887764,0.8233580589294434,0.045286018401384354,0.05164194852113724,0.10460805147886276,3776.0,49-9060,0.4185353490754469,-0.07223153308340619,-0.60976523
49-9064,0.2467,False,0.4213,False,Watch and Clock Repairers,45.46,44.25,-0.61929107,0.80486363,3.3229,0.05470624,0.1075211837887764,0.8233580589294434,0.045286018401384354,0.05164194852113724,0.10460805147886276,3776.0,49-9060,-0.18018674824765668,0.11844254777444728,-0.6449797
49-9071,0.2542,False,0.4111,False,Maintenance and Repair Workers; General,44.92,43.18,-1.0695497,-0.60914564,2.5681,0.035258193,0.043729156255722046,0.7772513031959534,0.073773093521595,0.03324686363339424,0.14659325778484344,37778.0,49-9071,0.006137555898536997,-0.012086017645022493,-1.098232
49-9081,0.2529,False,0.4132,False,Wind Turbine Service Technicians,58.58,56.26,-0.9838256,-0.5755093,3.0852,0.03792593,,,,,,,,-0.026158656820135864,0.01478751052957414,-1.011938
49-9091,0.2442,False,0.4183,False,Coin; Vending; and Amusement Machine Servicers and Repairers,42.01,39.04,-0.85150254,-0.27270532,2.1001,0.037922464,0.18162506818771362,0.7519915103912354,0.07328730821609497,0.029739776626229286,0.11736590415239334,1883.0,49-9091,-0.24229484962972148,0.08005179323930903,-0.8787351
49-9092,0.2536,False,0.4129,False,Commercial Divers,82.01,60.36,-1.0821398,-0.7830058,3.3377,0.037742525,,,,,,,,-0.008768388433158277,0.010948435076060031,-1.1109059
49-9094,0.2608,False,0.4061,False,Locksmiths and Safe Repairers,47.81,46.91,-0.9909422,-0.29693273,2.3999999,0.039911155,0.05384615436196327,0.8512820601463318,0.041025642305612564,0.022435897961258888,0.1141025647521019,1560.0,49-9094,0.17010294354718777,-0.07607060853691958,-1.0191019
49-9095,0.2498,False,0.4195,False,Manufactured Building and Mobile Home Installers,35.83,36.36,-1.439807,-0.9141364,1.4201,0.035095796,,,,,,,,-0.10317270253389661,0.09540809505336403,-1.4709512
49-9096,0.2533,False,0.4126,False,Riggers,52.1,48.13,-1.2775129,-0.5586912,2.096,0.037449103,0.054773081094026566,0.7809076905250549,0.08607199043035507,0.020344287157058716,0.13458529114723206,639.0,49-9096,-0.016221360599005225,0.007109359622546631,-1.307578
49-9097,0.2509,False,0.4141,False,Signal and Track Switch Repairers,74.22,80.57,-1.1475925,0.056634497,3.882,0.030047795,,,,,,,,-0.07584513792578769,0.026304736890115758,-1.1767938
49-9098,0.2518,False,0.4159,False,Helpers--Installation; Maintenance; and Repair Workers,35.09,33.1,-1.3205758,-1.0978943,1.9474001,0.03352812,0.10334789007902145,0.6950509548187256,0.07423580437898636,0.03347889333963394,0.2838428020477295,1374.0,49-9098,-0.05348622142824409,0.04933918961119828,-1.3509272
49-9099,0.2512,False,0.4149,False,Geothermal Technicians,45.38,42.57,-1.1287597,-0.5428331,2.9773,0.039955236,,,,,,,,-0.06839216575994075,0.036542271432818865,-1.1578357
51-1011,0.248,False,0.4202,False,First-Line Supervisors of Production and Operating Workers,67.33,61.79,-0.037022714,-0.23158023,3.4679,0.05336536,0.20934678614139557,0.7860223054885864,0.08305894583463669,0.0378120020031929,0.13183218240737915,47075.0,51-1011,-0.14789053552898312,0.10436593777823006,-0.058840014
51-2011,0.2535,False,0.403,False,Aircraft Structure; Surfaces; Rigging; and Systems Assemblers,55.38,49.48,-0.9270664,-0.5211912,3.0625,0.03794584,,,,,,,,-0.011252712488440592,-0.11574105488989563,-0.9548013
51-2021,0.247,False,0.4255,False,Coil Winders; Tapers; and Finishers,42.46,38.36,-0.86891305,-0.817187,2.4011,0.031110484,0.49410131573677063,0.6055517196655273,0.09188064187765121,0.188341423869133,0.16599583625793457,7205.0,51-2020,-0.17273377608180904,0.17218960412364054,-0.8962614
51-2022,0.2515,False,0.416,False,Electrical and Electronic Equipment Assemblers,,,-0.75167894,-0.14856996,2.0604,0.040456142,0.49410131573677063,0.6055517196655273,0.09188064187765121,0.188341423869133,0.16599583625793457,7205.0,51-2020,-0.060939193594092424,0.05061888142903608,-0.7782478
51-2023,0.2487,False,0.4181,False,Electromechanical Equipment Assemblers,,,-0.6523108,-0.08503468,3.0687,0.04264838,0.49410131573677063,0.6055517196655273,0.09188064187765121,0.188341423869133,0.16599583625793457,7205.0,51-2020,-0.13050026714200486,0.07749240960363342,-0.67821896
51-2031,0.2545,False,0.4118,False,Engine and Other Machine Assemblers,48.11,47.44,-1.0446323,-0.5711803,2.5437,0.03756456,0.13323572278022766,0.8506588339805603,0.07467056810855865,0.021961933001875877,0.07174231112003326,683.0,51-2031,0.013590528064385323,-0.003128174920157186,-1.073149
51-2041,0.2533,False,0.4125,False,Structural Metal Fabricators and Fitters,45.73,45.48,-1.0775733,-0.96155286,2.7245,0.03618021,0.05430140346288681,0.8511287569999695,0.06650396436452866,0.012812690809369087,0.09090909361839294,1639.0,51-2041,-0.016221360599005225,0.0058296678047081215,-1.106309
51-2051,0.2522,False,0.4156,False,Fiberglass Laminators and Fabricators,40.36,37.65,-1.2767668,-0.76863164,2.0906,0.039267913,,,,,,,,-0.043548925207114834,0.04550011415768488,-1.3068268
51-2061,0.2534,False,0.414,False,Timing Device Assemblers and Adjusters,44.67,37.78,-0.63544965,0.62846124,2.3418999,0.046077143,,,,,,,,-0.013737036543722908,0.025025045072277246,-0.6612457
51-2092,0.2541,False,0.4124,False,Team Assemblers,,,-0.8316012,-0.7084011,2.0678,0.03778615,,,,,,,,0.0036532318432546808,0.004549975986870322,-0.85870147
51-3011,0.2534,False,0.4161,False,Bakers,32.3,29.75,-0.47429395,-0.053732473,2.0203,0.05594345,0.655210018157959,0.685761034488678,0.08588574826717377,0.07255864888429642,0.22180655598640442,12831.0,51-3011,-0.013737036543722908,0.051898573246874594,-0.49901855
51-3021,0.2549,False,0.4145,False,Butchers and Meat Cutters,35.67,36.05,-0.97657603,-0.91570807,1.9662,0.041583914,0.22893236577510834,0.6455861926078796,0.13341550529003143,0.05137883126735687,0.2515791058540344,12982.0,51-3020,0.023527824285515964,0.031423504161466956,-1.0046402
51-3022,0.253,False,0.4137,False,Meat; Poultry; and Fish Cutters and Trimmers,31.68,29.73,-1.0259005,-1.2081841,1.4926,0.039611503,0.22893236577510834,0.6455861926078796,0.13341550529003143,0.05137883126735687,0.2515791058540344,12982.0,51-3020,-0.02367433276485355,0.021185969618763848,-1.0542927
51-3023,0.2539,False,0.4123,False,Slaughterers and Meat Packers,32.01,29.9,-1.5429463,-2.5293322,1.9251,0.029219858,0.22893236577510834,0.6455861926078796,0.13341550529003143,0.05137883126735687,0.2515791058540344,12982.0,51-3020,-0.0013154162673099505,0.0032702841690325224,-1.5747762
51-3091,0.2409,False,0.4285,False,Food and Tobacco Roasting; Baking; and Drying Machine Operators and Tenders,36.28,35.48,-0.79008406,-0.6771246,2.045,0.04289227,0.339144229888916,0.7210776805877686,0.10459587723016739,0.050713155418634415,0.18225039541721344,631.0,51-3091,-0.32427754345404686,0.21058035865877878,-0.81690824
51-3092,0.2438,False,0.4111,False,Food Batchmakers,36.19,35.78,-0.42682108,-0.64879966,1.9243,0.040685885,0.6185445785522461,0.6805555820465088,0.10758998245000839,0.05281690135598183,0.21967919170856476,5112.0,51-3092,-0.25223214585085213,-0.012086017645022493,-0.45123008
51-3093,0.2514,False,0.4129,False,Food Cooking Machine Operators and Tenders,35.43,35.89,-0.61853415,-0.7325209,2.25,0.040425844,0.42739275097846985,0.6452144980430603,0.12376237660646439,0.06765676289796829,0.17986798286437988,606.0,51-3093,-0.06342351764937473,0.010948435076060031,-0.6442177
51-4021,0.2538,False,0.4125,False,Extruding and Drawing Machine Setters; Operators; and Tenders; Metal and Plastic,40.52,37.75,-1.3247745,-0.88678205,2.1162999,0.033734675,0.16899141669273376,0.79935622215271,0.09334763884544373,0.020922746509313583,0.10729613900184631,1864.0,51-4020,-0.003799740322592266,0.0058296678047081215,-1.3551538
51-4022,0.2544,False,0.4118,False,Forging Machine Setters; Operators; and Tenders; Metal and Plastic,44.41,44.52,-0.88099104,-0.63612115,1.8230001,0.03835807,0.16899141669273376,0.79935622215271,0.09334763884544373,0.020922746509313583,0.10729613900184631,1864.0,51-4020,0.011106204009103006,-0.003128174920157186,-0.90841967
51-4023,0.2514,False,0.4166,False,Rolling Machine Setters; Operators; and Tenders; Metal and Plastic,46.21,46.21,-1.186053,-0.901472,2.1051,0.031533003,0.16899141669273376,0.79935622215271,0.09334763884544373,0.020922746509313583,0.10729613900184631,1864.0,51-4020,-0.06342351764937473,0.0582970323360643,-1.21551
51-4031,0.2492,False,0.4176,False,Cutting; Punching; and Press Machine Setters; Operators; and Tenders; Metal and Plastic,40.0,37.63,-1.1495746,-0.68938446,2.2267,0.035136744,0.19131161272525787,0.8040935397148132,0.0793650820851326,0.020885547623038292,0.12155388295650482,4788.0,51-4031,-0.11807864686559189,0.07109395051444371,-1.178789
51-4032,0.2546,False,0.411,False,Drilling and Boring Machine Tool Setters; Operators; and Tenders; Metal and Plastic,43.24,38.58,-0.8868215,-0.3924087,3.0725,0.039293572,,,,,,,,0.016074852119667637,-0.013365709462861003,-0.9142889
51-4033,0.2532,False,0.4108,False,Grinding; Lapping; Polishing; and Buffing Machine Tool Setters; Operators; and Tenders; Metal and Plastic,40.03,37.55,-1.1940613,-0.57054645,2.2128,0.032439727,0.1367887705564499,0.7669524550437927,0.07833203673362732,0.02844894863665104,0.1625097393989563,2566.0,51-4033,-0.01870568465428892,-0.015925093098536604,-1.2235715
51-4034,0.2514,False,0.4155,False,Lathe and Turning Machine Tool Setters; Operators; and Tenders; Metal and Plastic,44.27,44.24,-1.1261035,-0.9061331,2.4702,0.03518451,,,,,,,,-0.06342351764937473,0.04422042233984637,-1.1551619
51-4035,0.2543,False,0.4116,False,Milling and Planing Machine Setters; Operators; and Tenders; Metal and Plastic,47.1,46.85,-0.86701065,-1.0196785,2.6033,0.038730957,,,,,,,,0.008621879953820692,-0.005687558555832786,-0.8943463
51-4041,0.2547,False,0.411,False,Machinists,49.02,47.73,-0.9782187,-0.53756964,2.9387,0.043808326,0.0437590666115284,0.8386764526367188,0.039406560361385345,0.04623952880501747,0.0931810736656189,21367.0,51-4041,0.018559176174949954,-0.013365709462861003,-1.0062938
51-4051,0.253,False,0.4143,False,Metal-Refining Furnace Operators and Tenders,46.44,46.69,-1.3035243,-0.75569355,1.6414,0.03090334,0.10150673985481262,0.8025376796722412,0.102299764752388,0.017446471378207207,0.1221252977848053,1261.0,51-4050,-0.02367433276485355,0.028864120525791355,-1.3337623
51-4052,0.2534,False,0.4122,False,Pourers and Casters; Metal,44.91,45.85,-1.1433264,-0.5392559,1.7682999,0.0396912,0.10150673985481262,0.8025376796722412,0.102299764752388,0.017446471378207207,0.1221252977848053,1261.0,51-4050,-0.013737036543722908,0.0019905923511947224,-1.1724993
51-4061,0.2611,False,0.4036,False,Model Makers; Metal and Plastic,59.08,55.63,-0.8677119,-0.44225976,3.0233,0.04168561,,,,,,,,0.17755591571303608,-0.10806290398286812,-0.89505225
51-4062,0.2554,False,0.4102,False,Patternmakers; Metal and Plastic,49.84,48.09,-0.78839475,-0.080698594,2.9465,0.04681312,,,,,,,,0.035949444561928924,-0.02360324400556411,-0.8152077
51-4071,0.2544,False,0.4119,False,Foundry Mold and Coremakers,39.98,37.71,-1.641733,-1.7850229,2.0776,0.029533638,,,,,,,,0.011106204009103006,-0.0018484831023193866,-1.6742197
51-4072,0.2544,False,0.4115,False,Molding; Coremaking; and Casting Machine Setters; Operators; and Tenders; Metal and Plastic,37.53,36.37,-1.1081394,-1.1733854,1.8396001,0.037801515,,,,,,,,0.011106204009103006,-0.006967250373671296,-1.1370783
51-4081,0.2524,False,0.4149,False,Multiple Machine Tool Setters; Operators; and Tenders; Metal and Plastic,40.83,37.63,-0.84487617,-0.57583445,2.1921,0.038795743,,,,,,,,-0.03858027709654882,0.036542271432818865,-0.87206465
51-4111,0.2831,False,0.3814,False,Tool and Die Makers,56.15,57.0,-0.6871514,0.0744022,3.4209998,0.05698871,0.02212965302169323,0.9273626804351807,0.01562093198299408,0.017443373799324036,0.03775058686733246,3841.0,51-4111,0.7241072078752062,-0.3921544875428909,-0.7132912
51-4121,0.2542,False,0.4134,False,Welders; Cutters; Solderers; and Brazers,48.29,47.01,-1.2978206,-0.6965669,2.26875,0.033341147,0.055330127477645874,0.7905048727989197,0.060866035521030426,0.021882789209485054,0.17393194139003754,34502.0,51-4120,0.006137555898536997,0.01734689416524974,-1.3280207
51-4122,0.2583,False,0.4072,False,Welding; Soldering; and Brazing Machine Setters; Operators; and Tenders,42.95,38.58,-1.0478324,-0.7770255,2.1123,0.03879643,0.055330127477645874,0.7905048727989197,0.060866035521030426,0.021882789209485054,0.17393194139003754,34502.0,51-4120,0.10799484216512298,-0.06199399854070236,-1.0763704
51-4191,0.2544,False,0.4116,False,Heat Treating Equipment Setters; Operators; and Tenders; Metal and Plastic,41.56,38.45,-1.1711041,-0.8941913,1.9059,0.033843063,,,,,,,,0.011106204009103006,-0.005687558555832786,-1.2004616
51-4192,0.2546,False,0.4116,False,Layout Workers; Metal and Plastic,52.34,51.69,-0.93595654,-0.016019665,2.6278,0.04240414,,,,,,,,0.016074852119667637,-0.005687558555832786,-0.9637506
51-4193,0.2538,False,0.4127,False,Plating Machine Setters; Operators; and Tenders; Metal and Plastic,38.58,37.2,-0.82833046,-0.99703443,1.6576,0.042480957,,,,,,,,-0.003799740322592266,0.008389051440384432,-0.85540897
51-4194,0.2546,False,0.4111,False,Tool Grinders; Filers; and Sharpeners,43.66,38.43,-1.0972344,-0.4872859,2.4062,0.03733826,,,,,,,,0.016074852119667637,-0.012086017645022493,-1.1261008
51-5111,0.2686,False,0.4044,False,Prepress Technicians and Workers,43.8,42.61,-0.001473249,1.5561706,3.3898,0.06579249,0.4301639199256897,0.7462295293807983,0.0977049171924591,0.05377048999071121,0.13901638984680176,1525.0,51-5111,0.36388021985923047,-0.09782536944016501,-0.023054188
51-5112,0.2505,False,0.4205,False,Printing Press Operators,41.12,37.77,-0.84433997,-0.22421074,2.1426,0.044358414,0.23793713748455048,0.7869632840156555,0.06783974915742874,0.047144755721092224,0.14597167074680328,9036.0,51-5112,-0.08578243414691834,0.10820501323174346,-0.87152493
51-5113,0.2539,False,0.4139,False,Print Binding and Finishing Workers,37.06,36.59,-0.9139293,-0.7243609,2.1012,0.038608905,0.45264115929603577,0.8041894435882568,0.059198543429374695,0.04644808918237686,0.1357012689113617,1098.0,51-5113,-0.0013154162673099505,0.023745353254439446,-0.9415769
51-6011,0.2533,False,0.4135,False,Laundry and Dry-Cleaning Workers,27.83,28.35,-0.8894878,-1.3461158,1.354,0.04499411,0.6575415134429932,0.5640178918838501,0.1685130000114441,0.08617383986711502,0.2603323459625244,9388.0,51-6011,-0.016221360599005225,0.01862658598308754,-0.91697294
51-6021,0.2544,False,0.4118,False,Pressers; Textile; Garment; and Related Materials,28.11,28.68,-1.8539059,-1.8924265,2.7131999,0.030799331,0.6146789193153381,0.5752833485603333,0.14894765615463257,0.06152185797691345,0.34322720766067505,1853.0,51-6021,0.011106204009103006,-0.003128174920157186,-1.8878033
51-6031,0.2539,False,0.4127,False,Sewing Machine Operators,30.88,29.69,-1.2726239,-0.178801,1.6268001,0.03673394,0.7921711206436157,0.6017957925796509,0.09473365545272827,0.12711864709854126,0.28026634454727173,9912.0,51-6031,-0.0013154162673099505,0.008389051440384432,-1.3026564
51-6041,0.2546,False,0.4133,False,Shoe and Leather Workers and Repairers,34.89,31.45,-1.0069823,-0.9580657,2.4969,0.035286125,0.30708661675453186,0.7257217764854431,0.05380577594041824,0.07349081337451935,0.21916010975837708,762.0,51-6040,0.016074852119667637,0.01606720234741194,-1.0352486
51-6042,0.2545,False,0.4115,False,Shoe Machine Operators and Tenders,29.92,28.56,-1.0524038,-0.88254887,1.8475001,0.040693637,0.30708661675453186,0.7257217764854431,0.05380577594041824,0.07349081337451935,0.21916010975837708,762.0,51-6040,0.013590528064385323,-0.006967250373671296,-1.0809722
51-6051,0.2501,False,0.4194,False,Sewers; Hand,31.35,29.93,-1.0193622,0.58665556,2.5185,0.054594915,0.8039258718490601,0.6274812817573547,0.06374062597751617,0.17335686087608337,0.19210410118103027,4534.0,51-6050,-0.09571973036804898,0.09412840323552624,-1.0477109
51-6052,0.2811,False,0.3824,False,Tailors; Dressmakers; and Custom Sewers,35.43,31.42,-0.60653764,0.13177478,2.0289001,0.05070956,0.8039258718490601,0.6274812817573547,0.06374062597751617,0.17335686087608337,0.19210410118103027,4534.0,51-6050,0.6744207267695543,-0.3793575693645115,-0.6321415
51-6061,0.2507,False,0.4171,False,Textile Bleaching and Dyeing Machine Operators and Tenders,31.94,29.93,-0.92296493,-0.8292715,2.5328,0.037971515,0.5554016828536987,0.6578947305679321,0.15443213284015656,0.03947368264198303,0.2126038819551468,1444.0,51-6060,-0.08081378603635371,0.064695491425254,-0.9506726
51-6062,0.2539,False,0.4124,False,Textile Cutting Machine Setters; Operators; and Tenders,33.1,29.96,-1.1160327,-0.78460085,1.6769,0.036000732,0.5554016828536987,0.6578947305679321,0.15443213284015656,0.03947368264198303,0.2126038819551468,1444.0,51-6060,-0.0013154162673099505,0.004549975986870322,-1.1450242
51-6063,0.2547,False,0.4135,False,Textile Knitting and Weaving Machine Setters; Operators; and Tenders,33.64,33.99,-1.1555047,-1.501937,2.023,0.0345265,0.5554016828536987,0.6578947305679321,0.15443213284015656,0.03947368264198303,0.2126038819551468,1444.0,51-6060,0.018559176174949954,0.01862658598308754,-1.1847585
51-6064,0.251,False,0.4178,False,Textile Winding; Twisting; and Drawing Out Machine Setters; Operators; and Tenders,33.05,30.02,-1.4165442,-1.2827256,1.4616001,0.034597598,0.5554016828536987,0.6578947305679321,0.15443213284015656,0.03947368264198303,0.2126038819551468,1444.0,51-6060,-0.07336081387050537,0.07365333415011932,-1.4475336
51-6091,0.2526,False,0.4177,False,Extruding and Forming Machine Setters; Operators; and Tenders; Synthetic and Glass Fibers,40.6,37.55,-0.9238047,-0.79408693,1.8705,0.036583237,,,,,,,,-0.033611628985984195,0.07237364233228151,-0.951518
51-6092,0.2819,False,0.384,False,Fabric and Apparel Patternmakers,64.07,58.65,-0.33320326,0.84172976,3.5125,0.071977615,,,,,,,,0.6942953192118143,-0.35888250027910457,-0.3569898
51-6093,0.2648,False,0.4003,False,Upholsterers,38.22,37.42,-1.4051782,-0.54898757,1.5618,0.04384775,0.21202531456947327,0.7088607549667358,0.07542194426059723,0.024261603131890297,0.2874472439289093,1896.0,51-6093,0.2694759057584914,-0.1502927339715205,-1.436092
51-7011,0.2541,False,0.4126,False,Cabinetmakers and Bench Carpenters,40.07,37.54,-1.3268471,-1.0272233,2.1526,0.039285704,0.06270928680896759,0.8557077646255493,0.03287671133875847,0.013394216075539589,0.1339421570301056,3285.0,51-7011,0.0036532318432546808,0.007109359622546631,-1.3572402
51-7021,0.254,False,0.4168,False,Furniture Finishers,37.31,36.58,-1.238141,-0.58716816,1.6771,0.047360845,0.28097063302993774,0.8301404714584351,0.04725414887070656,0.015325670130550861,0.15836526453495026,783.0,51-7021,0.0011689077879723654,0.0608564159717399,-1.2679442
51-7031,0.2579,False,0.4075,False,Model Makers; Wood,60.04,60.78,-0.80210847,-0.4842993,2.2477,0.04514166,,,,,,,,0.09805754594399371,-0.05815492308718896,-0.82901263
51-7032,0.2959,False,0.3653,False,Patternmakers; Wood,51.02,46.92,-1.2081528,-0.62684786,2.6833,0.037579577,,,,,,,,1.0421006869513771,-0.5981848702147994,-1.2377567
51-7041,0.2545,False,0.4117,False,Sawing Machine Setters; Operators; and Tenders; Wood,35.28,35.34,-1.2650495,-0.82157457,2.0674999,0.032786895,0.10782865434885025,0.7991137504577637,0.08321024477481842,0.014278680086135864,0.1137370765209198,2031.0,51-7041,0.013590528064385323,-0.004407866737994986,-1.2950317
51-7042,0.2544,False,0.4117,False,Woodworking Machine Setters; Operators; and Tenders; Except Sawing,35.56,36.09,-1.2039058,-0.9519568,1.9076,0.03337481,0.197295144200325,0.7820206880569458,0.08750994503498077,0.01909307949244976,0.1447891741991043,1257.0,51-7042,0.011106204009103006,-0.004407866737994986,-1.2334815
51-8011,0.2398,False,0.416,False,Nuclear Power Reactor Operators,111.22,104.26,0.40881696,1.2113738,3.2732,0.050033942,0.07095132023096085,0.8453706502914429,0.05758829042315483,0.019726376980543137,0.06458797305822372,3143.0,51-8010,-0.35160510806215506,0.05061888142903608,0.38996395
51-8012,0.2305,False,0.4496,False,Power Distributors and Dispatchers,95.52,98.53,0.25658277,0.9828096,2.9298,0.04930705,0.07095132023096085,0.8453706502914429,0.05758829042315483,0.019726376980543137,0.06458797305822372,3143.0,51-8010,-0.5826472452034359,0.4805953322225843,0.23671758
51-8013,0.24980000000000002,False,0.4150666666666667,False,Power Plant Operators,83.74,80.85,-0.6259787,-0.26288712,2.52065,0.039855756,0.07095132023096085,0.8453706502914429,0.05758829042315483,0.019726376980543137,0.06458797305822372,3143.0,51-8010,-0.10317270253389593,0.038675091129215904,-0.6517118
51-8021,0.2485,False,0.4182,False,Stationary Engineers and Boiler Operators,70.51,63.5,-0.579769,-0.3852146,2.4094,0.039578162,0.04224598780274391,0.7614973187446594,0.08074866235256195,0.06381461769342422,0.10980392247438431,5610.0,51-8021,-0.13546891525257015,0.07877210142147123,-0.60519487
51-8031,0.2349,False,0.4234,False,Water and Wastewater Treatment Plant and System Operators,52.32,47.88,-0.55905855,-0.1983719,3.0556,0.037216607,0.057692307978868484,0.8441295623779297,0.05448717996478081,0.015688259154558182,0.07304318249225616,5928.0,51-8031,-0.47333698677100233,0.14531607594904392,-0.5843467
51-8091,0.2616,False,0.4195,False,Chemical Plant and System Operators,69.02,70.2,-0.560149,-0.30171317,3.5138998,0.03244669,0.05891238525509834,0.8055136203765869,0.07666163146495819,0.023036254569888115,0.12009063363075256,2648.0,51-8090,0.18997753598944905,0.09540809505336403,-0.58544445
51-8092,0.2339,False,0.4297,False,Gas Plant Operators,76.97,77.85,-0.5741886,0.12765151,2.6227,0.035586376,0.05891238525509834,0.8055136203765869,0.07666163146495819,0.023036254569888115,0.12009063363075256,2648.0,51-8090,-0.4981802273238283,0.2259366604728345,-0.59957737
51-8093,0.2493,False,0.416,False,Petroleum Pump System Operators; Refinery Operators; and Gaugers,80.5,79.54,-0.6505692,0.16749729,2.6289,0.03912878,0.05891238525509834,0.8055136203765869,0.07666163146495819,0.023036254569888115,0.12009063363075256,2648.0,51-8090,-0.11559432281030957,0.05061888142903608,-0.6764658
51-8099,0.239,False,0.4173,False,Biofuels Processing Technicians,55.48,50.25,-0.81084055,-0.34484962,2.6827,0.037318636,0.05891238525509834,0.8055136203765869,0.07666163146495819,0.023036254569888115,0.12009063363075256,2648.0,51-8090,-0.37147970050441637,0.0672548750609296,-0.83780277
51-9011,0.246,False,0.4226,False,Chemical Equipment Operators and Tenders,52.45,48.09,-0.6780245,-0.18425503,3.0056,0.039046083,0.13770577311515808,0.7969688773155212,0.0901489406824112,0.02299451269209385,0.10687222331762314,3827.0,51-9010,-0.19757701663463495,0.1350785414063401,-0.7041036
51-9012,0.2496,False,0.4188,False,Separating; Filtering; Clarifying; Precipitating; and Still Machine Setters; Operators; and Tenders,47.06,46.03,-1.0483608,-0.58392894,2.0478,0.033823244,0.13770577311515808,0.7969688773155212,0.0901489406824112,0.02299451269209385,0.10687222331762314,3827.0,51-9010,-0.10814135064446194,0.08645025232849873,-1.0769023
51-9021,0.2515,False,0.4136,False,Crushing; Grinding; and Polishing Machine Setters; Operators; and Tenders,42.79,38.76,-1.1357833,-0.84082973,2.2271001,0.03470317,0.12998303771018982,0.7574215531349182,0.09245122969150543,0.027565734460949898,0.1764206886291504,4716.0,51-9020,-0.060939193594092424,0.019906277800926048,-1.164906
51-9022,0.3011,False,0.3579,False,Grinding and Polishing Workers; Hand,35.99,35.67,-1.2195174,-0.7962199,2.2131,0.038427353,0.12998303771018982,0.7574215531349182,0.09245122969150543,0.027565734460949898,0.1764206886291504,4716.0,51-9020,1.1712855378260714,-0.6928820647348072,-1.2491968
51-9023,0.2543,False,0.4115,False,Mixing and Blending Machine Setters; Operators; and Tenders,42.49,38.42,-0.940904,-0.55677104,2.2238,0.03563935,0.12998303771018982,0.7574215531349182,0.09245122969150543,0.027565734460949898,0.1764206886291504,4716.0,51-9020,0.008621879953820692,-0.006967250373671296,-0.968731
51-9031,0.2531,False,0.4138,False,Cutters and Trimmers; Hand,34.33,30.23,-0.9457526,-0.88622546,1.5399,0.044902332,0.27768632769584656,0.7249000668525696,0.10016459226608276,0.03362332656979561,0.1876322627067566,4253.0,51-9030,-0.021190008709571235,0.02246566143660165,-0.97361183
51-9032,0.2541,False,0.4121,False,Cutting and Slicing Machine Setters; Operators; and Tenders,40.01,37.81,-1.1988308,-0.6916952,1.7078,0.03340852,0.27768632769584656,0.7249000668525696,0.10016459226608276,0.03362332656979561,0.1876322627067566,4253.0,51-9030,0.0036532318432546808,0.000710900533356923,-1.2283728
51-9041,0.2524,False,0.4133,False,Extruding; Forming; Pressing; and Compacting Machine Setters; Operators; and Tenders,40.05,37.66,-1.1378832,-0.78345484,2.5608,0.03490732,0.22420147061347961,0.7708845138549805,0.10135135054588318,0.014742014929652214,0.14803439378738403,1628.0,51-9041,-0.03858027709654882,0.01606720234741194,-1.1670198
51-9051,0.2525,False,0.4142,False,Furnace; Kiln; Oven; Drier; and Kettle Operators and Tenders,43.91,43.71,-0.846812,-1.3839339,2.1256,0.03358441,0.2524682581424713,0.7884343862533569,0.08744710683822632,0.023977432399988174,0.10860366374254227,709.0,51-9051,-0.036095953041266504,0.027584428707953555,-0.87401336
51-9061,0.2425,False,0.42,False,Inspectors; Testers; Sorters; Samplers; and Weighers,44.81,38.58,-0.15567808,0.11203549,2.5397,0.04642895,0.3837733566761017,0.7240898609161377,0.09658904373645782,0.06707116961479187,0.1500696986913681,48784.0,51-9061,-0.28452835856952563,0.10180655414255375,-0.17828429
51-9071,0.38085,False,0.2649,False,Jewelers and Precious Stone and Metal Workers,47.09,46.64,-0.6366536,1.0354204,2.6719332,0.059302744,0.4875912368297577,0.6959853768348694,0.028467154130339622,0.10401459783315659,0.1405109465122223,2740.0,51-9071,3.1525339719139374,-1.8829954553240915,-0.6624577
51-9081,0.3661,False,0.2812,False,Dental Laboratory Technicians,47.32,45.77,-0.43735808,1.0431641,2.9049,0.051671393,0.5316652059555054,0.7400354146957397,0.05403011664748192,0.1031886637210846,0.15456156432628632,4516.0,51-9080,2.7860961737597543,-1.6744056890165075,-0.4618371
51-9082,0.2646,False,0.4056,False,Medical Appliance Technicians,46.32,45.28,-0.5483078,-0.3203743,4.316,0.04482594,0.5316652059555054,0.7400354146957397,0.05403011664748192,0.1031886637210846,0.15456156432628632,4516.0,51-9080,0.26450725764792676,-0.08246906762610928,-0.5735245
51-9083,0.2538,False,0.4186,False,Ophthalmic Laboratory Technicians,38.91,37.27,-0.9183928,0.08595811,3.0107,0.038483817,0.5316652059555054,0.7400354146957397,0.05403011664748192,0.1031886637210846,0.15456156432628632,4516.0,51-9080,-0.003799740322592266,0.08389086869282313,-0.9460701
51-9111,0.2537,False,0.412,False,Packaging and Filling Machine Operators and Tenders,36.75,35.96,-1.010728,-0.903661,1.9021,0.037276726,0.5368536710739136,0.5551429986953735,0.17505501210689545,0.06215621531009674,0.3119499385356903,14544.0,51-9111,-0.006284064377875961,-0.000568791284481587,-1.0390192
51-9123,0.2505,False,0.4129,False,Painting; Coating; and Decorating Workers,38.25,37.33,-0.95107615,-0.61293215,1.7778,0.043406054,0.1335025429725647,0.7407360672950745,0.08769035339355469,0.024619288742542267,0.21548223495483398,7880.0,51-9120,-0.08578243414691834,0.010948435076060031,-0.97897077
51-9124,0.2467,False,0.4195,False,Coating; Painting; and Spraying Machine Setters; Operators; and Tenders,43.9,39.13,-1.4233949,-0.5459039,2.0550501,0.03250669,0.1335025429725647,0.7407360672950745,0.08769035339355469,0.024619288742542267,0.21548223495483398,7880.0,51-9120,-0.18018674824765668,0.09540809505336403,-1.4544299
51-9141,0.2529,False,0.4133,False,Semiconductor Processing Technicians,45.91,39.87,-0.7132968,-0.28141257,1.9986,0.041050445,,,,,,,,-0.026158656820135864,0.01606720234741194,-0.73961043
51-9151,0.2586,False,0.4143,False,Photographic Process Workers and Processing Machine Operators,40.3,36.59,-0.49776265,0.062369183,2.4013999,0.04961372,0.4284837245941162,0.7188459038734436,0.06629834324121475,0.12338858097791672,0.12400245666503906,1629.0,51-9151,0.1154478143309713,0.028864120525791355,-0.5226433
51-9161,0.2546,False,0.411,False,Computer Numerically Controlled Tool Operators,46.24,46.64,-1.1254941,-0.5939015,3.23155,0.037580147,0.10683822631835938,0.809744119644165,0.058985110372304916,0.04828682914376259,0.1071273684501648,6917.0,51-9160,0.016074852119667637,-0.013365709462861003,-1.1545484
51-9162,0.256,False,0.4261,False,Computer Numerically Controlled Tool Programmers,62.36,60.78,-0.85199225,-0.18230331,3.32615,0.044426404,0.10683822631835938,0.809744119644165,0.058985110372304916,0.04828682914376259,0.1071273684501648,6917.0,51-9160,0.0508553888936242,0.17986775503066804,-0.87922806
51-9191,0.2544,False,0.4118,False,Adhesive Bonding Machine Operators and Tenders,38.58,37.63,-1.2854728,-1.290612,2.0737,0.032727383,0.3715124726295471,0.6945667862892151,0.12187959253787994,0.038179147988557816,0.1850220263004303,681.0,51-9191,0.011106204009103006,-0.003128174920157186,-1.3155907
51-9192,0.2474,False,0.4169,False,Cleaning; Washing; and Metal Pickling Equipment Operators and Tenders,35.82,35.09,-1.1242148,-1.1180311,1.8852,0.03807746,,,,,,,,-0.1627964798606784,0.0621361077895777,-1.1532606
51-9193,0.2498,False,0.4114,False,Cooling and Freezing Equipment Operators and Tenders,42.91,40.39,-1.0308497,-0.6569152,1.9029,0.038440384,,,,,,,,-0.10317270253389661,-0.008246942191509095,-1.0592748
51-9194,0.2611,False,0.4041,False,Etchers and Engravers,36.97,36.59,-0.774569,-0.13840328,2.0623,0.047195584,0.369602769613266,0.8341968655586243,0.031088082119822502,0.04317789152264595,0.10535405576229095,579.0,51-9194,0.17755591571303608,-0.10166444489367842,-0.80129004
51-9195,0.256575,False,0.4092,False,Molders; Shapers; and Casters; Except Metal and Plastic,39.02,37.5,-1.2412382,-0.65972644,2.54255,0.046077996,0.2007211595773697,0.7806490659713745,0.0390625,0.03125,0.19411057233810425,1664.0,51-9195,0.06514025221149888,-0.03640016218394353,-1.2710621
51-9196,0.2544,False,0.4118,False,Paper Goods Machine Setters; Operators; and Tenders,44.18,44.82,-0.9174437,-0.83664334,2.0099,0.043258365,0.28778019547462463,0.7223427295684814,0.138105571269989,0.01952277682721615,0.15039768815040588,1383.0,51-9196,0.011106204009103006,-0.003128174920157186,-0.9451147
51-9197,0.2537,False,0.4127,False,Tire Builders,47.84,47.94,-1.4628416,-1.8991061,1.8779999,0.03035787,0.11650485545396805,0.7245145440101624,0.19781553745269775,0.007281553465873003,0.058252427726984024,824.0,51-9197,-0.006284064377875961,0.008389051440384432,-1.494139
51-9198,0.2544,False,0.4119,False,Helpers--Production Workers,32.91,30.0,-1.3553698,-1.3370812,1.8705001,0.034522105,0.32144615054130554,0.6305952072143555,0.10895228385925293,0.06665027141571045,0.2717658579349518,4066.0,51-9198,0.011106204009103006,-0.0018484831023193866,-1.3859525
53-1041,0.247,False,0.4277,False,Aircraft Cargo Handling Supervisors,62.08,53.54,-0.75110793,-0.51718956,2.7568,0.04110457,0.23920799791812897,0.7109773755073547,0.12649548053741455,0.042468342930078506,0.15951864421367645,14293.0,53-1000,-0.17273377608180904,0.20034282411607568,-0.777673
53-1042,0.25145,False,0.42110000000000003,False,First-Line Supervisors of Helpers; Laborers; and Material Movers; Hand,,,0.13842669,-0.08773597,3.3277001,0.053151254,0.23920799791812897,0.7109773755073547,0.12649548053741455,0.042468342930078506,0.15951864421367645,14293.0,53-1000,-0.06218135562173358,0.11588316413877167,0.11777592
53-1043,0.2665,False,0.4236,False,First-Line Supervisors of Material-Moving Machine and Vehicle Operators,,,0.06778038,0.35559124,2.6135,0.052626297,0.23920799791812897,0.7109773755073547,0.12649548053741455,0.042468342930078506,0.15951864421367645,14293.0,53-1000,0.3117094146982963,0.1478754595847195,0.046659898
53-2011,0.2446,False,0.4267,False,Airline Pilots; Copilots; and Flight Engineers,198.19,202.18,-0.7584905,1.0086554,5.5242,0.030462518,0.0628717839717865,0.9073853492736816,0.020042097195982933,0.021323326975107193,0.050883132964372635,10927.0,53-2010,-0.23235755340859082,0.18754590593769627,-0.78510463
53-2012,0.2414,False,0.4245,False,Commercial Pilots,115.08,99.64,-0.64436275,0.988984,4.2137,0.032268006,0.0628717839717865,0.9073853492736816,0.020042097195982933,0.021323326975107193,0.050883132964372635,10927.0,53-2010,-0.3118559231776339,0.15939268594526113,-0.6702181
53-2021,0.2229,False,0.475,False,Air Traffic Controllers,127.92,129.75,0.647652,1.8931652,3.6264,0.054468777,0.17926663160324097,0.8085106611251831,0.06880941241979599,0.030783159658312798,0.1086464449763298,2209.0,53-2020,-0.7714558734049133,0.805637053953421,0.63038695
53-2022,0.2416,False,0.4205,False,Airfield Operations Specialists,54.36,47.88,0.24575333,1.1099175,4.7463,0.050427545,0.17926663160324097,0.8085106611251831,0.06880941241979599,0.030783159658312798,0.1086464449763298,2209.0,53-2020,-0.3068872750670686,0.10820501323174346,0.22581615
53-2031,0.2527,False,0.4147,False,Flight Attendants,62.28,61.64,-0.36491242,-1.8642349,3.543,0.03482694,0.7776309251785278,0.7381463646888733,0.09367255866527557,0.07599537074565887,0.10821080207824707,6053.0,53-2031,-0.031127304930701875,0.033982887797143264,-0.3889098
53-3011,0.2511,False,0.4156,False,Ambulance Drivers and Attendants; Except Emergency Medical Technicians,31.06,29.12,-0.8443602,-0.6057287,2.6481,0.034671765,0.3452991545200348,0.6820513010025024,0.15042735636234283,0.05299145355820656,0.10940171033143997,585.0,53-3011,-0.07087648981522307,0.04550011415768488,-0.87154526
53-3031,0.2545,False,0.4119,False,Driver/Sales Workers,31.97,29.28,-0.72221965,-0.5969536,1.8014,0.0390227,0.07425349950790405,0.7416634559631348,0.11750271171331406,0.024889113381505013,0.159636989235878,205391.0,53-3030,0.013590528064385323,-0.0018484831023193866,-0.7485926
53-3032,0.255,False,0.4179,False,Heavy and Tractor-Trailer Truck Drivers,50.34,48.31,-1.4004041,-0.28773198,2.4042,0.031820953,0.07425349950790405,0.7416634559631348,0.11750271171331406,0.024889113381505013,0.159636989235878,205391.0,53-3030,0.02601214834079828,0.07493302596795712,-1.4312862
53-3033,0.252,False,0.413,False,Light Truck Drivers,42.63,38.28,-1.2002413,-0.6486055,1.8225,0.02748819,0.07425349950790405,0.7416634559631348,0.11750271171331406,0.024889113381505013,0.159636989235878,205391.0,53-3030,-0.04851757331767947,0.01222812689389783,-1.2297926
53-3051,0.2495,False,0.4199,False,Bus Drivers; School,38.75,37.91,-0.72862804,0.7709981,2.739,0.03054574,0.5231775045394897,0.7529564499855042,0.15133975446224213,0.01397135853767395,0.09385759383440018,20041.0,53-3051,-0.11062567469974426,0.10052686232471594,-0.7550436
53-3052,0.2497,False,0.4192,False,Bus Drivers; Transit and Intercity,51.31,48.62,-1.0500481,0.48107374,1.9161,0.023075879,0.3342495858669281,0.6045904159545898,0.24745739996433258,0.0387575589120388,0.14080539345741272,14552.0,53-3052,-0.10565702658917893,0.09156901959985064,-1.0786008
53-3053,0.2491,False,0.4185,False,Shuttle Drivers and Chauffeurs,32.57,30.0,-0.8333316,0.4894255,2.5832,0.02924553,0.1982620358467102,0.6159090995788574,0.18048128485679626,0.08248662948608398,0.1671123057603836,7480.0,53-3053,-0.1205629709208749,0.08261117687498462,-0.86044335
53-4011,0.2515,False,0.4148,False,Locomotive Engineers,72.94,79.74,-0.9161659,0.35386756,2.34,0.023750184,0.042346540838479996,0.8224553465843201,0.10334110260009766,0.010101010091602802,0.06682206690311432,2574.0,53-4010,-0.060939193594092424,0.03526257961498106,-0.9438284
53-4013,0.2518,False,0.417,False,Rail Yard Engineers; Dinkey Operators; and Hostlers,58.07,61.09,-1.021101,-0.32419354,2.4032,0.02956379,0.042346540838479996,0.8224553465843201,0.10334110260009766,0.010101010091602802,0.06682206690311432,2574.0,53-4010,-0.05348622142824409,0.0634157996074155,-1.0494612
53-4022,0.2528,False,0.4197,False,Railroad Brake; Signal; and Switch Operators and Locomotive Firers,63.05,63.84,-1.1895385,-0.37573904,2.2415,0.028465886,,,,,,,,-0.02864298087541818,0.09796747868904035,-1.2190186
53-4031,0.2549,False,0.414,False,Railroad Conductors and Yardmasters,66.99,63.96,-0.57906157,-0.13839626,2.2638001,0.03995111,0.07528133690357208,0.7970508337020874,0.12107101082801819,0.009313154965639114,0.07760962098836899,2577.0,53-4031,0.023527824285515964,0.025025045072277246,-0.6044827
53-4041,0.2535,False,0.4162,False,Subway and Streetcar Operators,71.52,81.18,-0.9125129,-0.16700654,2.8809,0.024962317,,,,,,,,-0.011252712488440592,0.05317826506471239,-0.9401511
53-5011,0.25,False,0.4187,False,Sailors and Marine Oilers,57.8,46.72,-1.2692279,-0.6032496,2.0727,0.029281266,,,,,,,,-0.0982040544233313,0.08517056051066094,-1.2992378
53-5021,0.2482,False,0.4219,False,Captains; Mates; and Pilots of Water Vessels,98.33,81.64,-0.79302615,0.67200226,3.0563667,0.036249183,0.08883512020111084,0.8568959832191467,0.045973040163517,0.017628759145736694,0.06429312378168106,2893.0,53-5020,-0.1429218874184178,0.12612069868147477,-0.81986994
53-5022,0.2508,False,0.4166,False,Motorboat Operators,44.41,38.67,-1.1765223,0.035704765,2.7871,0.02997882,0.08883512020111084,0.8568959832191467,0.045973040163517,0.017628759145736694,0.06429312378168106,2893.0,53-5020,-0.07832946198107,0.0582970323360643,-1.2059158
53-5031,0.2494,False,0.4199,False,Ship Engineers,96.91,82.41,-0.5671973,-0.48192543,2.8559,0.042649396,,,,,,,,-0.11310999875502657,0.10052686232471594,-0.5925396
53-6011,0.2484,False,0.4112,False,Bridge and Lock Tenders,44.76,45.39,-0.79899794,-0.2284603,1.6784999,0.035708357,,,,,,,,-0.13795323930785247,-0.010806325827184694,-0.8258814
53-6021,0.2491,False,0.4184,False,Parking Attendants,29.21,29.24,-1.0376484,-0.08143063,1.6555,0.030394556,0.14646349847316742,0.5672048926353455,0.19058449566364288,0.06072321906685829,0.2558562755584717,4397.0,53-6021,-0.1205629709208749,0.08133148505714682,-1.0661187
53-6031,0.2526,False,0.4131,False,Automotive and Watercraft Service Attendants,29.96,29.33,-1.1081461,-1.3362954,2.1121,0.030007482,0.14668874442577362,0.74552983045578,0.09470198303461075,0.04337748512625694,0.1296357661485672,6040.0,53-6030,-0.033611628985984195,0.01350781871173634,-1.1370851
53-6041,0.2399,False,0.4303,False,Traffic Technicians,53.21,48.61,0.12891193,1.0312059,3.4011,0.056260694,,,,,,,,-0.34912078400687274,0.23361481137986204,0.10819789
53-6051,0.2459,False,0.4204333333333334,False,Transportation Inspectors,77.62,79.77,-0.31758162,0.15084986,3.4915667,0.04222976,0.14590609073638916,0.753201425075531,0.09545983374118805,0.05355064198374748,0.13232441246509552,2577.0,53-6051,-0.20006134068991727,0.10735188535318563,-0.3412643
53-6061,0.2531,False,0.42,False,Passenger Attendants,34.38,30.47,-0.11787386,-1.1307471,1.8627,0.045184728,0.6668455004692078,0.5472102761268616,0.29184550046920776,0.04077253118157387,0.15826180577278137,1864.0,53-6061,-0.021190008709571235,0.10180655414255375,-0.14022873
53-7011,0.2526,False,0.4148,False,Conveyor Operators and Tenders,37.01,36.42,-0.84558153,-0.49123845,1.407,0.034311544,,,,,,,,-0.033611628985984195,0.03526257961498106,-0.8727747
53-7021,0.2524,False,0.4146,False,Crane and Tower Operators,65.27,62.24,-1.3516343,-0.026731271,2.5279,0.027654957,0.02956913597881794,0.8104759454727173,0.08645451813936234,0.00985637865960598,0.10729371756315231,3551.0,53-7021,-0.03858027709654882,0.03270319597930547,-1.3821921
53-7031,0.2536,False,0.4125,False,Dredge Operators,50.53,46.21,-1.2555397,-0.38889349,2.0994,0.026338665,,,,,,,,-0.008768388433158277,0.0058296678047081215,-1.2854586
53-7041,0.2514,False,0.4142,False,Hoist and Winch Operators,58.45,52.3,-1.126569,-0.5439873,2.1391,0.033622287,,,,,,,,-0.06342351764937473,0.027584428707953555,-1.1556305
53-7051,0.2519,False,0.4148,False,Industrial Truck and Tractor Operators,40.95,38.38,-1.575411,-0.6986788,2.004,0.024234243,0.08566807210445404,0.6196056604385376,0.20109260082244873,0.020112311467528343,0.22495879232883453,32766.0,53-7051,-0.051001897372961784,0.03526257961498106,-1.6074567
53-7061,0.2512,False,0.4161,False,Cleaners of Vehicles and Equipment,30.55,29.28,-1.5353388,-1.4176475,1.8034,0.025844773,0.1882288157939911,0.6276283264160156,0.1649067997932434,0.03346800059080124,0.2480488419532776,21782.0,53-7061,-0.06839216575994075,0.051898573246874594,-1.567118
53-7062,0.25260000000000005,False,0.4128,False,Laborers and Freight; Stock; and Material Movers; Hand,34.95,31.23,-1.4306154,-1.3515384,2.60725,0.034316905,0.2170122116804123,0.6683995723724365,0.15230903029441833,0.03471895307302475,0.18397156894207,146577.0,53-7062,-0.033611628985982814,0.00966874325822223,-1.4616984
53-7063,0.2543,False,0.4119,False,Machine Feeders and Offbearers,36.66,37.01,-1.0134172,-1.2170714,1.9016,0.036304887,0.48874935507774353,0.7142857313156128,0.11564625799655914,0.040816325694322586,0.1737310290336609,1911.0,53-7063,0.008621879953820692,-0.0018484831023193866,-1.0417264
53-7064,0.253,False,0.414,False,Packers and Packagers; Hand,30.95,29.94,-1.1933719,-2.1007345,2.0913,0.03419446,0.55668044090271,0.5133066773414612,0.17952190339565277,0.06748154759407043,0.35372790694236755,29534.0,53-7064,-0.02367433276485355,0.025025045072277246,-1.2228775
53-7065,0.2543,False,0.4135,False,Stockers and Order Fillers,33.02,30.11,-0.5232333,-1.3252025,2.049525,0.04727011,0.37311476469039917,0.6815012693405151,0.14019878208637238,0.044574983417987823,0.1703118085861206,98396.0,53-7065,0.008621879953820692,0.01862658598308754,-0.5482833
53-7071,0.2496,False,0.4185,False,Gas Compressor and Gas Pumping Station Operators,67.13,70.72,-0.87270325,-0.326689,2.7424002,0.03743577,0.04604410007596016,0.8236057162284851,0.0635538250207901,0.014915693551301956,0.13359273970127106,1542.0,53-7070,-0.10814135064446194,0.08261117687498462,-0.90007675
53-7072,0.2456,False,0.4215,False,Pump Operators; Except Wellhead Pumpers,54.4,49.58,-0.9716578,-0.5333435,2.3247,0.034041457,0.04604410007596016,0.8236057162284851,0.0635538250207901,0.014915693551301956,0.13359273970127106,1542.0,53-7070,-0.2075143128557649,0.12100193141012287,-0.9996893
53-7073,0.2431,False,0.4127,False,Wellhead Pumpers,67.17,63.74,-1.099431,-0.9525345,2.3178,0.03618047,0.04604410007596016,0.8236057162284851,0.0635538250207901,0.014915693551301956,0.13359273970127106,1542.0,53-7070,-0.2696224142378297,0.008389051440384432,-1.1283121
53-7081,0.2514,False,0.416,False,Refuse and Recyclable Material Collectors,42.78,38.5,-1.2627628,-0.90492165,1.8003,0.037512787,0.12394645810127258,0.6238638162612915,0.1948438286781311,0.017848288640379906,0.20624689757823944,6051.0,53-7081,-0.06342351764937473,0.05061888142903608,-1.2927297
53-7121,0.2479,False,0.4164,False,Tank Car; Truck; and Ship Loaders,55.33,49.39,-1.4031849,-1.0980814,2.0072,0.030034935,,,,,,,,-0.15037485958426544,0.05573764870038799,-1.4340855
